dtec,gdlat,glon,station,tec,ut1_unix
1.3104,32.0,35.0,BSHM,7.4155,1667261700.0
0.921661,32.0,35.0,BSHM,7.58028,1667262000.0
0.752928,32.0,35.0,BSHM,7.08737,1667262300.0
0.922062,32.0,35.0,BSHM,6.94658,1667262600.0
0.652041,32.0,35.0,BSHM,7.0827,1667262900.0
0.583126,32.0,35.0,BSHM,6.98405,1667263200.0
0.65164,32.0,35.0,BSHM,6.91634,1667263500.0
0.582881,32.0,35.0,BSHM,6.84232,1667263800.0
0.493504,32.0,35.0,BSHM,7.03719,1667264100.0
0.532865,32.0,35.0,BSHM,6.9645,1667264400.0
0.583144,32.0,35.0,BSHM,7.10987,1667264700.0
0.582556,32.0,35.0,BSHM,7.33608,1667265000.0
0.582845,32.0,35.0,BSHM,7.56927,1667265300.0
0.650857,32.0,35.0,BSHM,7.67415,1667265600.0
0.531574,32.0,35.0,BSHM,7.45386,1667265900.0
0.531444,32.0,35.0,BSHM,7.20115,1667266200.0
0.492165,32.0,35.0,BSHM,6.96973,1667266500.0
0.460555,32.0,35.0,BSHM,6.84827,1667266800.0
0.460796,32.0,35.0,BSHM,6.8664,1667267100.0
0.41275,32.0,35.0,BSHM,6.68707,1667267400.0
0.434178,32.0,35.0,BSHM,6.41108,1667267700.0
0.492141,32.0,35.0,BSHM,6.3111,1667268000.0
0.460473,32.0,35.0,BSHM,6.0945,1667268300.0
0.434085,32.0,35.0,BSHM,5.91966,1667268600.0
0.434033,32.0,35.0,BSHM,5.7835,1667268900.0
0.492129,32.0,35.0,BSHM,5.6377,1667269200.0
0.492531,32.0,35.0,BSHM,5.80442,1667269500.0
0.492471,32.0,35.0,BSHM,5.65022,1667269800.0
0.412503,32.0,35.0,BSHM,5.40042,1667270100.0
0.461075,32.0,35.0,BSHM,5.28436,1667270400.0
0.492341,32.0,35.0,BSHM,5.23533,1667270700.0
0.413083,32.0,35.0,BSHM,5.08762,1667271000.0
0.434832,32.0,35.0,BSHM,5.14288,1667271300.0
0.434372,32.0,35.0,BSHM,4.82141,1667271600.0
0.412385,32.0,35.0,BSHM,4.93868,1667271900.0
0.460446,32.0,35.0,BSHM,4.95192,1667272200.0
0.492102,32.0,35.0,BSHM,4.79884,1667272500.0
0.460355,32.0,35.0,BSHM,4.8247,1667272800.0
0.492158,32.0,35.0,BSHM,4.90866,1667273100.0
0.58212,32.0,35.0,BSHM,5.0611,1667273400.0
0.751468,32.0,35.0,BSHM,5.28052,1667273700.0
0.582758,32.0,35.0,BSHM,6.64957,1667274000.0
0.582501,32.0,35.0,BSHM,7.25724,1667274300.0
0.583548,32.0,35.0,BSHM,8.24888,1667274600.0
0.651202,32.0,35.0,BSHM,9.13618,1667274900.0
0.582422,32.0,35.0,BSHM,9.81051,1667275200.0
0.582305,32.0,35.0,BSHM,10.4682,1667275500.0
0.531766,32.0,35.0,BSHM,11.1758,1667275800.0
0.582749,32.0,35.0,BSHM,11.7014,1667276100.0
0.582941,32.0,35.0,BSHM,11.8653,1667276400.0
0.493524,32.0,35.0,BSHM,12.7498,1667276700.0
0.531742,32.0,35.0,BSHM,13.3396,1667277000.0
0.492955,32.0,35.0,BSHM,13.9307,1667277300.0
0.531722,32.0,35.0,BSHM,14.5519,1667277600.0
0.492438,32.0,35.0,BSHM,15.2374,1667277900.0
0.492297,32.0,35.0,BSHM,16.0113,1667278200.0
0.393915,32.0,35.0,BSHM,16.9557,1667278500.0
0.361372,32.0,35.0,BSHM,17.5737,1667278800.0
0.361573,32.0,35.0,BSHM,18.1426,1667279100.0
0.392761,32.0,35.0,BSHM,19.0815,1667279400.0
0.376374,32.0,35.0,BSHM,19.781,1667279700.0
0.460513,32.0,35.0,BSHM,20.6545,1667280000.0
0.43458,32.0,35.0,BSHM,21.0535,1667280300.0
0.492519,32.0,35.0,BSHM,21.7279,1667280600.0
0.532093,32.0,35.0,BSHM,22.1498,1667280900.0
0.751984,32.0,35.0,BSHM,22.4292,1667281200.0
0.921101,32.0,35.0,BSHM,22.2572,1667281500.0
0.924493,32.0,35.0,BSHM,22.8339,1667281800.0
0.921185,32.0,35.0,BSHM,23.0354,1667282100.0
0.92199,32.0,35.0,BSHM,23.2738,1667282400.0
0.920861,32.0,35.0,BSHM,23.7147,1667282700.0
0.651341,32.0,35.0,BSHM,24.3829,1667283000.0
0.751881,32.0,35.0,BSHM,24.952,1667283300.0
0.652252,32.0,35.0,BSHM,25.5248,1667283600.0
0.651134,32.0,35.0,BSHM,26.4617,1667283900.0
0.58237,32.0,35.0,BSHM,26.9666,1667284200.0
0.492312,32.0,35.0,BSHM,27.3858,1667284500.0
0.460538,32.0,35.0,BSHM,28.1296,1667284800.0
0.492158,32.0,35.0,BSHM,28.366,1667285100.0
0.460477,32.0,35.0,BSHM,28.7843,1667285400.0
0.434697,32.0,35.0,BSHM,28.9784,1667285700.0
0.434317,32.0,35.0,BSHM,29.0573,1667286000.0
0.495311,32.0,35.0,BSHM,28.7551,1667286300.0
0.4992,32.0,35.0,BSHM,28.7598,1667286600.0
0.651889,32.0,35.0,BSHM,28.7448,1667286900.0
0.752302,32.0,35.0,BSHM,28.3771,1667287200.0
0.752024,32.0,35.0,BSHM,29.2372,1667287500.0
0.651181,32.0,35.0,BSHM,29.6642,1667287800.0
0.582415,32.0,35.0,BSHM,30.1632,1667288100.0
0.651239,32.0,35.0,BSHM,30.6657,1667288400.0
0.651339,32.0,35.0,BSHM,31.3313,1667288700.0
0.651223,32.0,35.0,BSHM,31.7877,1667289000.0
0.651884,32.0,35.0,BSHM,32.0399,1667289300.0
0.753446,32.0,35.0,BSHM,32.2757,1667289600.0
0.651384,32.0,35.0,BSHM,32.6539,1667289900.0
0.582569,32.0,35.0,BSHM,33.1465,1667290200.0
0.492305,32.0,35.0,BSHM,33.1908,1667290500.0
0.460718,32.0,35.0,BSHM,34.0369,1667290800.0
0.460686,32.0,35.0,BSHM,34.2436,1667291100.0
0.531837,32.0,35.0,BSHM,34.3881,1667291400.0
0.532376,32.0,35.0,BSHM,34.1095,1667291700.0
0.492866,32.0,35.0,BSHM,33.8368,1667292000.0
0.532348,32.0,35.0,BSHM,33.6932,1667292300.0
0.532409,32.0,35.0,BSHM,33.1576,1667292600.0
0.652142,32.0,35.0,BSHM,32.9462,1667292900.0
0.923788,32.0,35.0,BSHM,32.5106,1667293200.0
1.30491,32.0,35.0,BSHM,33.2149,1667294100.0
0.922135,32.0,35.0,BSHM,33.2335,1667294400.0
0.921577,32.0,35.0,BSHM,33.338,1667294700.0
0.752415,32.0,35.0,BSHM,33.3813,1667295000.0
0.651517,32.0,35.0,BSHM,33.4656,1667295300.0
0.651485,32.0,35.0,BSHM,33.6474,1667295600.0
0.582682,32.0,35.0,BSHM,33.9229,1667295900.0
0.532543,32.0,35.0,BSHM,34.0627,1667296200.0
0.534275,32.0,35.0,BSHM,33.9553,1667296500.0
0.652103,32.0,35.0,BSHM,34.3804,1667296800.0
0.921491,32.0,35.0,BSHM,35.5503,1667297100.0
1.30278,32.0,35.0,BSHM,35.9532,1667297400.0
1.30646,32.0,35.0,BSHM,31.8182,1667298000.0
0.923363,32.0,35.0,BSHM,34.4479,1667298300.0
0.584928,32.0,35.0,BSHM,35.6075,1667298600.0
0.654632,32.0,35.0,BSHM,35.7407,1667298900.0
0.753425,32.0,35.0,BSHM,35.4464,1667299200.0
0.53283,32.0,35.0,BSHM,36.496,1667299500.0
0.493069,32.0,35.0,BSHM,37.1177,1667299800.0
0.492904,32.0,35.0,BSHM,37.8199,1667300100.0
0.492795,32.0,35.0,BSHM,37.9095,1667300400.0
0.460893,32.0,35.0,BSHM,37.9149,1667300700.0
0.435101,32.0,35.0,BSHM,37.6828,1667301000.0
0.434578,32.0,35.0,BSHM,37.726,1667301300.0
0.531934,32.0,35.0,BSHM,38.2709,1667301600.0
0.582657,32.0,35.0,BSHM,38.3055,1667301900.0
0.582655,32.0,35.0,BSHM,38.5032,1667302200.0
0.651683,32.0,35.0,BSHM,38.903,1667302500.0
0.752242,32.0,35.0,BSHM,39.1829,1667302800.0
0.921207,32.0,35.0,BSHM,39.4942,1667303100.0
1.30295,32.0,35.0,BSHM,39.8728,1667303400.0
0.920968,32.0,35.0,BSHM,37.7133,1667304000.0
0.752041,32.0,35.0,BSHM,37.4479,1667304300.0
0.75195,32.0,35.0,BSHM,37.1753,1667304600.0
0.752167,32.0,35.0,BSHM,36.685,1667304900.0
0.651222,32.0,35.0,BSHM,36.23,1667305200.0
0.651207,32.0,35.0,BSHM,35.671,1667305500.0
0.651215,32.0,35.0,BSHM,35.1649,1667305800.0
0.582475,32.0,35.0,BSHM,34.6182,1667306100.0
0.582534,32.0,35.0,BSHM,34.0974,1667306400.0
0.651285,32.0,35.0,BSHM,33.56,1667306700.0
0.920803,32.0,35.0,BSHM,32.6569,1667307000.0
0.920811,32.0,35.0,BSHM,32.0403,1667307300.0
1.30218,32.0,35.0,BSHM,31.4193,1667307600.0
1.30219,32.0,35.0,BSHM,30.7439,1667307900.0
0.937349,32.0,35.0,BSHM,31.0911,1667309400.0
0.75639,32.0,35.0,BSHM,30.3065,1667309700.0
0.584929,32.0,35.0,BSHM,29.3303,1667310000.0
0.492865,32.0,35.0,BSHM,28.3448,1667310300.0
0.434271,32.0,35.0,BSHM,27.5038,1667310600.0
0.434276,32.0,35.0,BSHM,26.7424,1667310900.0
0.392847,32.0,35.0,BSHM,26.0872,1667311200.0
0.361352,32.0,35.0,BSHM,25.5238,1667311500.0
0.376109,32.0,35.0,BSHM,24.9956,1667311800.0
0.411351,32.0,35.0,BSHM,24.3379,1667312100.0
0.434186,32.0,35.0,BSHM,23.6366,1667312400.0
0.412053,32.0,35.0,BSHM,23.1527,1667312700.0
0.460589,32.0,35.0,BSHM,22.7021,1667313000.0
0.492356,32.0,35.0,BSHM,21.8495,1667313300.0
0.492678,32.0,35.0,BSHM,21.1408,1667313600.0
0.531956,32.0,35.0,BSHM,20.3515,1667313900.0
0.434782,32.0,35.0,BSHM,19.184,1667314200.0
0.434647,32.0,35.0,BSHM,18.6753,1667314500.0
0.434748,32.0,35.0,BSHM,17.9866,1667314800.0
0.461001,32.0,35.0,BSHM,16.9999,1667315100.0
0.492785,32.0,35.0,BSHM,16.0353,1667315400.0
0.492766,32.0,35.0,BSHM,15.247,1667315700.0
0.583574,32.0,35.0,BSHM,14.8379,1667316000.0
0.921461,32.0,35.0,BSHM,13.8735,1667316300.0
1.30291,32.0,35.0,BSHM,12.816,1667316600.0
1.30639,32.0,35.0,BSHM,12.4375,1667316900.0
1.30449,32.0,35.0,BSHM,12.5778,1667318400.0
0.921371,32.0,35.0,BSHM,12.3363,1667318700.0
0.752232,32.0,35.0,BSHM,12.087,1667319000.0
0.651709,32.0,35.0,BSHM,11.8759,1667319300.0
0.651596,32.0,35.0,BSHM,11.7341,1667319600.0
0.752177,32.0,35.0,BSHM,11.6265,1667319900.0
0.651445,32.0,35.0,BSHM,11.573,1667320200.0
0.75243,32.0,35.0,BSHM,11.6095,1667320500.0
1.30944,32.0,35.0,BSHM,11.5609,1667320800.0
1.30332,32.0,35.0,BSHM,9.53132,1667322900.0
0.92446,32.0,35.0,BSHM,10.0921,1667323200.0
1.30264,32.0,35.0,BSHM,8.63891,1667323500.0
1.30483,32.0,35.0,BSHM,8.45165,1667324100.0
0.922629,32.0,35.0,BSHM,7.56161,1667324400.0
1.30408,32.0,35.0,BSHM,7.78493,1667324700.0
1.30446,32.0,35.0,BSHM,7.49244,1667325000.0
0.926883,32.0,35.0,BSHM,6.06297,1667326800.0
0.75508,32.0,35.0,BSHM,6.36281,1667327100.0
0.658944,32.0,35.0,BSHM,6.55108,1667327400.0
0.753902,32.0,35.0,BSHM,6.45005,1667327700.0
0.584131,32.0,35.0,BSHM,6.7024,1667328000.0
0.462818,32.0,35.0,BSHM,6.86805,1667328300.0
0.492607,32.0,35.0,BSHM,7.15186,1667328600.0
0.43549,32.0,35.0,BSHM,7.15406,1667328900.0
0.434553,32.0,35.0,BSHM,7.15127,1667329200.0
0.460704,32.0,35.0,BSHM,7.28433,1667329500.0
0.460636,32.0,35.0,BSHM,7.29822,1667329800.0
0.531856,32.0,35.0,BSHM,7.22287,1667330100.0
0.582697,32.0,35.0,BSHM,7.24021,1667330400.0
0.532262,32.0,35.0,BSHM,7.11531,1667330700.0
0.583216,32.0,35.0,BSHM,6.97634,1667331000.0
0.651745,32.0,35.0,BSHM,7.00194,1667331300.0
0.58283,32.0,35.0,BSHM,7.08029,1667331600.0
0.434467,32.0,35.0,BSHM,6.87019,1667331900.0
0.460617,32.0,35.0,BSHM,7.12628,1667332200.0
0.376403,32.0,35.0,BSHM,7.0647,1667332500.0
0.376134,32.0,35.0,BSHM,6.97363,1667332800.0
0.361596,32.0,35.0,BSHM,6.88384,1667333100.0
0.348567,32.0,35.0,BSHM,6.81761,1667333400.0
0.348295,32.0,35.0,BSHM,6.72994,1667333700.0
0.411856,32.0,35.0,BSHM,6.78668,1667334000.0
0.392765,32.0,35.0,BSHM,6.70192,1667334300.0
0.411994,32.0,35.0,BSHM,6.74974,1667334600.0
0.43439,32.0,35.0,BSHM,6.47181,1667334900.0
0.460593,32.0,35.0,BSHM,6.50381,1667335200.0
0.434654,32.0,35.0,BSHM,6.2238,1667335500.0
0.412087,32.0,35.0,BSHM,6.11727,1667335800.0
0.392718,32.0,35.0,BSHM,6.07036,1667336100.0
0.336539,32.0,35.0,BSHM,5.9893,1667336400.0
0.336375,32.0,35.0,BSHM,6.08939,1667336700.0
0.348362,32.0,35.0,BSHM,6.28704,1667337000.0
0.362161,32.0,35.0,BSHM,6.33507,1667337300.0
0.377286,32.0,35.0,BSHM,6.98397,1667337600.0
0.361259,32.0,35.0,BSHM,7.21943,1667337900.0
0.376384,32.0,35.0,BSHM,7.26045,1667338200.0
0.392547,32.0,35.0,BSHM,7.21928,1667338500.0
0.392556,32.0,35.0,BSHM,7.20868,1667338800.0
0.392497,32.0,35.0,BSHM,7.25546,1667339100.0
0.392509,32.0,35.0,BSHM,7.24777,1667339400.0
0.434078,32.0,35.0,BSHM,7.25447,1667339700.0
0.43401,32.0,35.0,BSHM,7.15735,1667340000.0
0.434047,32.0,35.0,BSHM,7.36791,1667340300.0
0.460486,32.0,35.0,BSHM,7.25512,1667340600.0
0.491995,32.0,35.0,BSHM,7.37301,1667340900.0
0.492075,32.0,35.0,BSHM,7.32611,1667341200.0
0.582211,32.0,35.0,BSHM,7.19091,1667341500.0
0.460497,32.0,35.0,BSHM,7.02485,1667341800.0
0.434133,32.0,35.0,BSHM,6.68643,1667342100.0
0.434278,32.0,35.0,BSHM,6.78411,1667342400.0
0.434224,32.0,35.0,BSHM,6.70725,1667342700.0
0.411969,32.0,35.0,BSHM,6.64851,1667343000.0
0.492354,32.0,35.0,BSHM,6.63079,1667343300.0
0.531688,32.0,35.0,BSHM,6.49931,1667343600.0
0.531593,32.0,35.0,BSHM,6.30141,1667343900.0
0.582626,32.0,35.0,BSHM,6.37335,1667344200.0
0.651394,32.0,35.0,BSHM,6.4385,1667344500.0
0.752925,32.0,35.0,BSHM,6.53913,1667344800.0
0.921409,32.0,35.0,BSHM,6.52693,1667345100.0
0.921647,32.0,35.0,BSHM,5.64543,1667348100.0
0.753177,32.0,35.0,BSHM,5.20486,1667348400.0
0.754958,32.0,35.0,BSHM,5.19023,1667348700.0
0.65318,32.0,35.0,BSHM,5.08154,1667349000.0
0.532385,32.0,35.0,BSHM,5.17936,1667349300.0
0.532049,32.0,35.0,BSHM,5.13832,1667349600.0
0.492558,32.0,35.0,BSHM,5.08378,1667349900.0
0.460824,32.0,35.0,BSHM,5.22281,1667350200.0
0.492635,32.0,35.0,BSHM,5.16959,1667350500.0
0.460498,32.0,35.0,BSHM,5.60907,1667350800.0
0.531886,32.0,35.0,BSHM,5.94248,1667351100.0
0.531548,32.0,35.0,BSHM,6.09666,1667351400.0
0.582077,32.0,35.0,BSHM,6.15194,1667351700.0
0.492153,32.0,35.0,BSHM,5.96304,1667352000.0
0.491935,32.0,35.0,BSHM,5.79038,1667352300.0
0.492216,32.0,35.0,BSHM,5.57709,1667352600.0
0.46032,32.0,35.0,BSHM,5.39096,1667352900.0
0.460509,32.0,35.0,BSHM,5.15524,1667353200.0
0.41191,32.0,35.0,BSHM,4.97211,1667353500.0
0.433971,32.0,35.0,BSHM,4.74295,1667353800.0
0.460256,32.0,35.0,BSHM,4.53412,1667354100.0
0.433968,32.0,35.0,BSHM,4.18092,1667354400.0
0.433922,32.0,35.0,BSHM,3.8901,1667354700.0
0.460252,32.0,35.0,BSHM,3.68312,1667355000.0
0.46088,32.0,35.0,BSHM,3.49248,1667355300.0
0.49237,32.0,35.0,BSHM,3.15754,1667355600.0
0.492223,32.0,35.0,BSHM,2.84713,1667355900.0
0.43416,32.0,35.0,BSHM,2.89006,1667356200.0
0.461048,32.0,35.0,BSHM,2.56189,1667356500.0
0.531564,32.0,35.0,BSHM,2.52896,1667356800.0
0.492268,32.0,35.0,BSHM,2.47391,1667357100.0
0.492451,32.0,35.0,BSHM,2.52517,1667357400.0
0.460345,32.0,35.0,BSHM,2.64142,1667357700.0
0.392653,32.0,35.0,BSHM,2.69389,1667358000.0
0.4603,32.0,35.0,BSHM,2.7865,1667358300.0
0.460234,32.0,35.0,BSHM,2.79134,1667358600.0
0.433915,32.0,35.0,BSHM,2.82734,1667358900.0
0.433976,32.0,35.0,BSHM,2.90741,1667359200.0
0.531246,32.0,35.0,BSHM,2.96595,1667359500.0
0.53169,32.0,35.0,BSHM,3.14525,1667359800.0
0.531798,32.0,35.0,BSHM,4.68661,1667360100.0
0.58258,32.0,35.0,BSHM,5.56048,1667360400.0
0.650944,32.0,35.0,BSHM,6.27946,1667360700.0
0.651086,32.0,35.0,BSHM,6.855,1667361000.0
0.751937,32.0,35.0,BSHM,8.14864,1667361300.0
0.651301,32.0,35.0,BSHM,9.11918,1667361600.0
0.532209,32.0,35.0,BSHM,9.65224,1667361900.0
0.532236,32.0,35.0,BSHM,9.99494,1667362200.0
0.651792,32.0,35.0,BSHM,10.5812,1667362500.0
0.461338,32.0,35.0,BSHM,10.977,1667362800.0
0.49228,32.0,35.0,BSHM,11.4462,1667363100.0
0.531546,32.0,35.0,BSHM,12.3201,1667363400.0
0.460969,32.0,35.0,BSHM,13.1644,1667363700.0
0.492148,32.0,35.0,BSHM,13.8143,1667364000.0
0.434277,32.0,35.0,BSHM,14.4598,1667364300.0
0.392613,32.0,35.0,BSHM,15.0219,1667364600.0
0.348274,32.0,35.0,BSHM,15.7811,1667364900.0
0.392771,32.0,35.0,BSHM,16.2929,1667365200.0
0.392626,32.0,35.0,BSHM,16.7138,1667365500.0
0.412013,32.0,35.0,BSHM,17.0937,1667365800.0
0.492371,32.0,35.0,BSHM,17.8491,1667366100.0
0.492431,32.0,35.0,BSHM,18.3161,1667366400.0
0.531593,32.0,35.0,BSHM,18.9827,1667366700.0
0.652218,32.0,35.0,BSHM,20.0641,1667367000.0
0.753455,32.0,35.0,BSHM,20.5177,1667367300.0
0.920857,32.0,35.0,BSHM,20.2728,1667367600.0
1.30309,32.0,35.0,BSHM,20.7216,1667367900.0
0.921098,32.0,35.0,BSHM,21.0216,1667368200.0
0.921428,32.0,35.0,BSHM,21.229,1667368500.0
0.920753,32.0,35.0,BSHM,21.4912,1667368800.0
0.651188,32.0,35.0,BSHM,22.1947,1667369100.0
0.651744,32.0,35.0,BSHM,22.7296,1667369400.0
0.586055,32.0,35.0,BSHM,23.1573,1667369700.0
0.533629,32.0,35.0,BSHM,23.8528,1667370000.0
0.492594,32.0,35.0,BSHM,24.2608,1667370300.0
0.460541,32.0,35.0,BSHM,24.6462,1667370600.0
0.460324,32.0,35.0,BSHM,25.3662,1667370900.0
0.492018,32.0,35.0,BSHM,25.5286,1667371200.0
0.433961,32.0,35.0,BSHM,25.7296,1667371500.0
0.433992,32.0,35.0,BSHM,25.8653,1667371800.0
0.434082,32.0,35.0,BSHM,26.3123,1667372100.0
0.531567,32.0,35.0,BSHM,26.4938,1667372400.0
0.492626,32.0,35.0,BSHM,27.1134,1667372700.0
0.651388,32.0,35.0,BSHM,27.7498,1667373000.0
0.75268,32.0,35.0,BSHM,29.0757,1667373300.0
0.752177,32.0,35.0,BSHM,29.8119,1667373600.0
0.651155,32.0,35.0,BSHM,30.5747,1667373900.0
0.582309,32.0,35.0,BSHM,31.237,1667374200.0
0.651119,32.0,35.0,BSHM,31.8944,1667374500.0
0.651269,32.0,35.0,BSHM,32.495,1667374800.0
0.651078,32.0,35.0,BSHM,32.466,1667375100.0
0.582618,32.0,35.0,BSHM,32.6399,1667375400.0
0.651271,32.0,35.0,BSHM,32.8619,1667375700.0
0.582734,32.0,35.0,BSHM,32.4802,1667376000.0
0.582402,32.0,35.0,BSHM,32.3474,1667376300.0
0.492231,32.0,35.0,BSHM,32.1851,1667376600.0
0.434376,32.0,35.0,BSHM,32.5437,1667376900.0
0.460598,32.0,35.0,BSHM,32.9821,1667377200.0
0.531614,32.0,35.0,BSHM,33.2181,1667377500.0
0.461665,32.0,35.0,BSHM,33.2056,1667377800.0
0.49251,32.0,35.0,BSHM,33.1663,1667378100.0
0.532035,32.0,35.0,BSHM,33.1576,1667378400.0
0.583007,32.0,35.0,BSHM,33.2125,1667378700.0
0.753097,32.0,35.0,BSHM,33.2125,1667379000.0
0.924195,32.0,35.0,BSHM,33.5963,1667379300.0
1.30697,32.0,35.0,BSHM,32.8671,1667380200.0
0.925462,32.0,35.0,BSHM,32.9829,1667380500.0
0.921317,32.0,35.0,BSHM,32.9382,1667380800.0
0.75219,32.0,35.0,BSHM,32.8007,1667381100.0
0.651449,32.0,35.0,BSHM,32.8644,1667381400.0
0.651335,32.0,35.0,BSHM,32.9581,1667381700.0
0.582619,32.0,35.0,BSHM,33.089,1667382000.0
0.582869,32.0,35.0,BSHM,33.3999,1667382300.0
0.584155,32.0,35.0,BSHM,33.5459,1667382600.0
0.752019,32.0,35.0,BSHM,34.1415,1667382900.0
1.303,32.0,35.0,BSHM,34.6094,1667383200.0
1.30288,32.0,35.0,BSHM,36.2964,1667385600.0
0.921574,32.0,35.0,BSHM,36.5706,1667385900.0
0.752813,32.0,35.0,BSHM,36.7953,1667386200.0
0.651706,32.0,35.0,BSHM,36.9452,1667386500.0
0.651431,32.0,35.0,BSHM,37.1116,1667386800.0
0.58259,32.0,35.0,BSHM,37.3146,1667387100.0
0.492621,32.0,35.0,BSHM,37.2918,1667387400.0
0.531819,32.0,35.0,BSHM,37.7081,1667387700.0
0.582528,32.0,35.0,BSHM,37.9596,1667388000.0
0.582574,32.0,35.0,BSHM,38.2809,1667388300.0
0.651505,32.0,35.0,BSHM,38.4489,1667388600.0
0.651464,32.0,35.0,BSHM,39.0214,1667388900.0
0.651928,32.0,35.0,BSHM,39.2652,1667389200.0
0.652318,32.0,35.0,BSHM,39.5414,1667389500.0
0.753056,32.0,35.0,BSHM,39.6177,1667389800.0
0.53207,32.0,35.0,BSHM,39.0761,1667390100.0
0.492516,32.0,35.0,BSHM,38.74,1667390400.0
0.493267,32.0,35.0,BSHM,38.3677,1667390700.0
0.493273,32.0,35.0,BSHM,38.099,1667391000.0
0.492274,32.0,35.0,BSHM,37.8212,1667391300.0
0.460672,32.0,35.0,BSHM,37.2743,1667391600.0
0.460424,32.0,35.0,BSHM,36.8391,1667391900.0
0.460501,32.0,35.0,BSHM,36.3894,1667392200.0
0.460404,32.0,35.0,BSHM,35.9996,1667392500.0
0.492094,32.0,35.0,BSHM,35.7862,1667392800.0
0.492353,32.0,35.0,BSHM,34.6862,1667393100.0
0.460573,32.0,35.0,BSHM,34.417,1667393400.0
0.393158,32.0,35.0,BSHM,33.8146,1667393700.0
0.39292,32.0,35.0,BSHM,33.1929,1667394000.0
0.348469,32.0,35.0,BSHM,32.7962,1667394300.0
0.362165,32.0,35.0,BSHM,32.9873,1667394600.0
0.376467,32.0,35.0,BSHM,33.0143,1667394900.0
0.434547,32.0,35.0,BSHM,32.6451,1667395200.0
0.492793,32.0,35.0,BSHM,32.9656,1667395500.0
0.532194,32.0,35.0,BSHM,33.2151,1667395800.0
0.492515,32.0,35.0,BSHM,32.7749,1667396100.0
0.532452,32.0,35.0,BSHM,31.7043,1667396400.0
0.460647,32.0,35.0,BSHM,30.9939,1667396700.0
0.434163,32.0,35.0,BSHM,30.4096,1667397000.0
0.392767,32.0,35.0,BSHM,29.6127,1667397300.0
0.37604,32.0,35.0,BSHM,29.083,1667397600.0
0.37602,32.0,35.0,BSHM,28.5843,1667397900.0
0.411821,32.0,35.0,BSHM,27.8538,1667398200.0
0.411916,32.0,35.0,BSHM,27.077,1667398500.0
0.434132,32.0,35.0,BSHM,26.4499,1667398800.0
0.4345,32.0,35.0,BSHM,25.8373,1667399100.0
0.492241,32.0,35.0,BSHM,25.1543,1667399400.0
0.460993,32.0,35.0,BSHM,24.5865,1667399700.0
0.531953,32.0,35.0,BSHM,23.8673,1667400000.0
0.49252,32.0,35.0,BSHM,22.9974,1667400300.0
0.492784,32.0,35.0,BSHM,22.1255,1667400600.0
0.493519,32.0,35.0,BSHM,21.5004,1667400900.0
0.583022,32.0,35.0,BSHM,20.3239,1667401200.0
0.584731,32.0,35.0,BSHM,19.1749,1667401500.0
0.651782,32.0,35.0,BSHM,17.906,1667401800.0
0.752102,32.0,35.0,BSHM,16.9557,1667402100.0
0.752648,32.0,35.0,BSHM,16.2399,1667402400.0
1.30258,32.0,35.0,BSHM,15.2716,1667402700.0
1.30423,32.0,35.0,BSHM,14.724,1667403000.0
1.3057,32.0,35.0,BSHM,13.7832,1667404500.0
1.30285,32.0,35.0,BSHM,13.5777,1667404800.0
0.921289,32.0,35.0,BSHM,13.2595,1667405100.0
0.752492,32.0,35.0,BSHM,12.9997,1667405400.0
0.752375,32.0,35.0,BSHM,12.8078,1667405700.0
0.921126,32.0,35.0,BSHM,12.6541,1667406000.0
0.753319,32.0,35.0,BSHM,11.9698,1667406300.0
0.753439,32.0,35.0,BSHM,11.2945,1667406600.0
0.92314,32.0,35.0,BSHM,10.4542,1667406900.0
0.923223,32.0,35.0,BSHM,10.2348,1667407200.0
0.923131,32.0,35.0,BSHM,10.0636,1667407500.0
0.923426,32.0,35.0,BSHM,9.93699,1667407800.0
0.922246,32.0,35.0,BSHM,9.98031,1667409300.0
1.30152,32.0,35.0,BSHM,9.69522,1667409600.0
1.30227,32.0,35.0,BSHM,9.62976,1667409900.0
1.30644,32.0,35.0,BSHM,9.72975,1667410200.0
1.30314,32.0,35.0,BSHM,9.66372,1667410500.0
0.930183,32.0,35.0,BSHM,9.41964,1667410800.0
0.921774,32.0,35.0,BSHM,9.43081,1667411100.0
1.30418,32.0,35.0,BSHM,9.50948,1667413200.0
0.92172,32.0,35.0,BSHM,9.57072,1667413500.0
0.652446,32.0,35.0,BSHM,9.53376,1667413800.0
0.752532,32.0,35.0,BSHM,9.54376,1667414100.0
0.651659,32.0,35.0,BSHM,9.5067,1667414400.0
0.492551,32.0,35.0,BSHM,9.38253,1667414700.0
0.492551,32.0,35.0,BSHM,9.37891,1667415000.0
0.434402,32.0,35.0,BSHM,9.30278,1667415300.0
0.460648,32.0,35.0,BSHM,9.33017,1667415600.0
0.531606,32.0,35.0,BSHM,9.26148,1667415900.0
0.531659,32.0,35.0,BSHM,9.32107,1667416200.0
0.582469,32.0,35.0,BSHM,9.29939,1667416500.0
0.651133,32.0,35.0,BSHM,9.31579,1667416800.0
0.752617,32.0,35.0,BSHM,9.49285,1667417100.0
1.30165,32.0,35.0,BSHM,9.24001,1667417400.0
0.921018,32.0,35.0,BSHM,7.82996,1667418000.0
0.92072,32.0,35.0,BSHM,7.81802,1667418300.0
0.921198,32.0,35.0,BSHM,8.63063,1667418600.0
0.583107,32.0,35.0,BSHM,8.64835,1667418900.0
0.582494,32.0,35.0,BSHM,8.65936,1667419200.0
0.492288,32.0,35.0,BSHM,8.63367,1667419500.0
0.492394,32.0,35.0,BSHM,8.56302,1667419800.0
0.492991,32.0,35.0,BSHM,8.35061,1667420100.0
0.461962,32.0,35.0,BSHM,8.29777,1667420400.0
0.493331,32.0,35.0,BSHM,8.36194,1667420700.0
0.477866,32.0,35.0,BSHM,8.13696,1667421000.0
0.494696,32.0,35.0,BSHM,8.29689,1667421300.0
0.493922,32.0,35.0,BSHM,8.33619,1667421600.0
0.534011,32.0,35.0,BSHM,8.44041,1667421900.0
0.46148,32.0,35.0,BSHM,8.52365,1667422200.0
0.494197,32.0,35.0,BSHM,8.6049,1667422500.0
0.461422,32.0,35.0,BSHM,8.61258,1667422800.0
0.492813,32.0,35.0,BSHM,8.58279,1667423100.0
0.460845,32.0,35.0,BSHM,8.77672,1667423400.0
0.46107,32.0,35.0,BSHM,8.91255,1667423700.0
0.434223,32.0,35.0,BSHM,8.93764,1667424000.0
0.434156,32.0,35.0,BSHM,8.87321,1667424300.0
0.411741,32.0,35.0,BSHM,8.92034,1667424600.0
0.411615,32.0,35.0,BSHM,8.97731,1667424900.0
0.392459,32.0,35.0,BSHM,9.01055,1667425200.0
0.375746,32.0,35.0,BSHM,9.06584,1667425500.0
0.433905,32.0,35.0,BSHM,9.15392,1667425800.0
0.433911,32.0,35.0,BSHM,9.17926,1667426100.0
0.460231,32.0,35.0,BSHM,9.20757,1667426400.0
0.460266,32.0,35.0,BSHM,9.1307,1667426700.0
0.491941,32.0,35.0,BSHM,9.17669,1667427000.0
0.492028,32.0,35.0,BSHM,9.17924,1667427300.0
0.531581,32.0,35.0,BSHM,9.00567,1667427600.0
0.492108,32.0,35.0,BSHM,8.96894,1667427900.0
0.434056,32.0,35.0,BSHM,8.86322,1667428200.0
0.411914,32.0,35.0,BSHM,8.81432,1667428500.0
0.434096,32.0,35.0,BSHM,8.756,1667428800.0
0.411789,32.0,35.0,BSHM,8.67421,1667429100.0
0.411941,32.0,35.0,BSHM,8.50945,1667429400.0
0.462694,32.0,35.0,BSHM,8.19034,1667429700.0
0.492856,32.0,35.0,BSHM,8.01612,1667430000.0
0.532398,32.0,35.0,BSHM,7.98126,1667430300.0
0.583868,32.0,35.0,BSHM,7.90334,1667430600.0
0.752372,32.0,35.0,BSHM,8.20106,1667430900.0
0.920694,32.0,35.0,BSHM,7.98459,1667431200.0
1.30471,32.0,35.0,BSHM,7.46299,1667431500.0
0.922131,32.0,35.0,BSHM,8.55387,1667434200.0
0.754166,32.0,35.0,BSHM,7.70522,1667434500.0
0.75286,32.0,35.0,BSHM,7.58889,1667434800.0
0.752531,32.0,35.0,BSHM,7.32545,1667435100.0
0.58343,32.0,35.0,BSHM,7.12334,1667435400.0
0.582951,32.0,35.0,BSHM,6.87669,1667435700.0
0.532608,32.0,35.0,BSHM,6.81474,1667436000.0
0.460766,32.0,35.0,BSHM,6.94329,1667436300.0
0.492433,32.0,35.0,BSHM,6.69285,1667436600.0
0.460528,32.0,35.0,BSHM,7.18495,1667436900.0
0.582293,32.0,35.0,BSHM,7.57252,1667437200.0
0.531473,32.0,35.0,BSHM,7.90286,1667437500.0
0.582081,32.0,35.0,BSHM,8.05351,1667437800.0
0.531499,32.0,35.0,BSHM,7.92832,1667438100.0
0.491948,32.0,35.0,BSHM,7.83782,1667438400.0
0.531351,32.0,35.0,BSHM,7.6987,1667438700.0
0.492149,32.0,35.0,BSHM,7.59107,1667439000.0
0.531547,32.0,35.0,BSHM,7.66189,1667439300.0
0.531502,32.0,35.0,BSHM,7.52178,1667439600.0
0.492061,32.0,35.0,BSHM,7.56365,1667439900.0
0.531523,32.0,35.0,BSHM,7.63662,1667440200.0
0.435159,32.0,35.0,BSHM,7.34913,1667440500.0
0.434097,32.0,35.0,BSHM,7.17098,1667440800.0
0.43413,32.0,35.0,BSHM,6.95862,1667441100.0
0.460645,32.0,35.0,BSHM,6.63916,1667441400.0
0.492283,32.0,35.0,BSHM,6.24064,1667441700.0
0.460586,32.0,35.0,BSHM,6.13949,1667442000.0
0.492528,32.0,35.0,BSHM,5.92928,1667442300.0
0.492607,32.0,35.0,BSHM,5.72712,1667442600.0
0.582519,32.0,35.0,BSHM,5.6377,1667442900.0
0.532226,32.0,35.0,BSHM,5.49056,1667443200.0
0.653192,32.0,35.0,BSHM,5.72515,1667443500.0
0.492675,32.0,35.0,BSHM,5.55363,1667443800.0
0.434325,32.0,35.0,BSHM,5.48752,1667444100.0
0.492327,32.0,35.0,BSHM,5.4693,1667444400.0
0.531361,32.0,35.0,BSHM,5.32992,1667444700.0
0.460535,32.0,35.0,BSHM,5.39772,1667445000.0
0.460718,32.0,35.0,BSHM,5.46378,1667445300.0
0.582076,32.0,35.0,BSHM,5.51914,1667445600.0
0.531614,32.0,35.0,BSHM,6.17,1667445900.0
0.582348,32.0,35.0,BSHM,7.01872,1667446200.0
0.531753,32.0,35.0,BSHM,7.28716,1667446500.0
0.492656,32.0,35.0,BSHM,8.13345,1667446800.0
0.492288,32.0,35.0,BSHM,8.58384,1667447100.0
0.434539,32.0,35.0,BSHM,9.27887,1667447400.0
0.434393,32.0,35.0,BSHM,9.92625,1667447700.0
0.412942,32.0,35.0,BSHM,10.6836,1667448000.0
0.434907,32.0,35.0,BSHM,11.4238,1667448300.0
0.435366,32.0,35.0,BSHM,12.2329,1667448600.0
0.461827,32.0,35.0,BSHM,13.1757,1667448900.0
0.435913,32.0,35.0,BSHM,13.9937,1667449200.0
0.493085,32.0,35.0,BSHM,15.0081,1667449500.0
0.493062,32.0,35.0,BSHM,15.8211,1667449800.0
0.462251,32.0,35.0,BSHM,16.7026,1667450100.0
0.434908,32.0,35.0,BSHM,17.3053,1667450400.0
0.413862,32.0,35.0,BSHM,17.9476,1667450700.0
0.460639,32.0,35.0,BSHM,18.6266,1667451000.0
0.461762,32.0,35.0,BSHM,19.1811,1667451300.0
0.492935,32.0,35.0,BSHM,19.4538,1667451600.0
0.585412,32.0,35.0,BSHM,19.7155,1667451900.0
0.582964,32.0,35.0,BSHM,20.0487,1667452200.0
0.651073,32.0,35.0,BSHM,20.4779,1667452500.0
0.752643,32.0,35.0,BSHM,20.72,1667452800.0
0.921093,32.0,35.0,BSHM,20.9819,1667453100.0
0.920917,32.0,35.0,BSHM,21.0789,1667453400.0
0.920849,32.0,35.0,BSHM,21.22,1667453700.0
1.30297,32.0,35.0,BSHM,21.3308,1667454000.0
0.92143,32.0,35.0,BSHM,21.534,1667454300.0
0.921217,32.0,35.0,BSHM,21.7722,1667454600.0
0.921296,32.0,35.0,BSHM,22.1198,1667454900.0
0.753012,32.0,35.0,BSHM,22.5406,1667455200.0
0.753234,32.0,35.0,BSHM,22.8465,1667455500.0
0.753857,32.0,35.0,BSHM,23.4544,1667455800.0
0.920888,32.0,35.0,BSHM,23.9235,1667456100.0
0.651275,32.0,35.0,BSHM,24.65,1667456400.0
0.582425,32.0,35.0,BSHM,25.2805,1667456700.0
0.531717,32.0,35.0,BSHM,26.5474,1667457000.0
0.460671,32.0,35.0,BSHM,26.605,1667457300.0
0.434214,32.0,35.0,BSHM,26.5675,1667457600.0
0.434078,32.0,35.0,BSHM,27.1825,1667457900.0
0.434124,32.0,35.0,BSHM,27.8831,1667458200.0
0.531751,32.0,35.0,BSHM,28.294,1667458500.0
0.531843,32.0,35.0,BSHM,29.2321,1667458800.0
0.65154,32.0,35.0,BSHM,29.6739,1667459100.0
0.752157,32.0,35.0,BSHM,30.9478,1667459400.0
0.75241,32.0,35.0,BSHM,31.533,1667459700.0
0.651262,32.0,35.0,BSHM,32.3078,1667460000.0
0.582572,32.0,35.0,BSHM,33.1856,1667460300.0
0.651193,32.0,35.0,BSHM,34.0274,1667460600.0
0.651232,32.0,35.0,BSHM,34.8602,1667460900.0
0.651573,32.0,35.0,BSHM,35.4034,1667461200.0
0.651342,32.0,35.0,BSHM,35.8053,1667461500.0
0.651383,32.0,35.0,BSHM,36.2579,1667461800.0
0.651466,32.0,35.0,BSHM,36.6668,1667462100.0
0.582727,32.0,35.0,BSHM,37.0484,1667462400.0
0.492598,32.0,35.0,BSHM,37.4814,1667462700.0
0.492469,32.0,35.0,BSHM,37.6917,1667463000.0
0.531856,32.0,35.0,BSHM,37.7449,1667463300.0
0.582588,32.0,35.0,BSHM,37.9253,1667463600.0
0.582674,32.0,35.0,BSHM,38.1108,1667463900.0
0.752138,32.0,35.0,BSHM,38.5761,1667464200.0
0.921161,32.0,35.0,BSHM,38.8429,1667464500.0
0.921553,32.0,35.0,BSHM,39.1441,1667464800.0
1.31277,32.0,35.0,BSHM,38.2582,1667466300.0
1.3034,32.0,35.0,BSHM,38.3999,1667466600.0
0.921654,32.0,35.0,BSHM,38.4069,1667466900.0
0.752493,32.0,35.0,BSHM,38.6459,1667467200.0
0.651633,32.0,35.0,BSHM,38.7693,1667467500.0
0.65157,32.0,35.0,BSHM,39.1008,1667467800.0
0.582837,32.0,35.0,BSHM,39.4985,1667468100.0
0.582844,32.0,35.0,BSHM,39.6527,1667468400.0
0.53244,32.0,35.0,BSHM,39.6195,1667468700.0
0.584502,32.0,35.0,BSHM,39.7091,1667469000.0
0.756186,32.0,35.0,BSHM,40.1242,1667469300.0
1.30276,32.0,35.0,BSHM,40.5303,1667469600.0
1.30351,32.0,35.0,BSHM,40.7016,1667469900.0
0.926136,32.0,35.0,BSHM,39.9528,1667471400.0
0.651765,32.0,35.0,BSHM,42.4299,1667471700.0
0.651602,32.0,35.0,BSHM,42.9267,1667472000.0
0.492774,32.0,35.0,BSHM,43.2772,1667472300.0
0.492541,32.0,35.0,BSHM,43.9356,1667472600.0
0.492589,32.0,35.0,BSHM,44.3554,1667472900.0
0.46072,32.0,35.0,BSHM,44.8096,1667473200.0
0.434578,32.0,35.0,BSHM,45.3403,1667473500.0
0.492443,32.0,35.0,BSHM,45.5923,1667473800.0
0.492723,32.0,35.0,BSHM,45.8422,1667474100.0
0.582609,32.0,35.0,BSHM,46.0917,1667474400.0
0.582917,32.0,35.0,BSHM,46.0751,1667474700.0
0.752114,32.0,35.0,BSHM,46.1791,1667475000.0
0.921114,32.0,35.0,BSHM,46.518,1667475300.0
0.921722,32.0,35.0,BSHM,46.6677,1667475600.0
0.921192,32.0,35.0,BSHM,46.452,1667476200.0
0.92073,32.0,35.0,BSHM,46.3476,1667476500.0
0.751687,32.0,35.0,BSHM,45.5557,1667476800.0
0.652085,32.0,35.0,BSHM,45.2841,1667477100.0
0.582531,32.0,35.0,BSHM,45.184,1667477400.0
0.531826,32.0,35.0,BSHM,44.8176,1667477700.0
0.531805,32.0,35.0,BSHM,44.1676,1667478000.0
0.460612,32.0,35.0,BSHM,43.8791,1667478300.0
0.492377,32.0,35.0,BSHM,43.7221,1667478600.0
0.411998,32.0,35.0,BSHM,43.6002,1667478900.0
0.434412,32.0,35.0,BSHM,43.6513,1667479200.0
0.434367,32.0,35.0,BSHM,43.4882,1667479500.0
0.492467,32.0,35.0,BSHM,43.4407,1667479800.0
0.460874,32.0,35.0,BSHM,43.126,1667480100.0
0.492527,32.0,35.0,BSHM,42.7301,1667480400.0
0.492603,32.0,35.0,BSHM,43.0228,1667480700.0
0.582856,32.0,35.0,BSHM,42.525,1667481000.0
0.582922,32.0,35.0,BSHM,42.3518,1667481300.0
0.652121,32.0,35.0,BSHM,42.5443,1667481600.0
0.582946,32.0,35.0,BSHM,41.7962,1667481900.0
0.579057,32.0,35.0,BSHM,40.4478,1667482200.0
0.646745,32.0,35.0,BSHM,39.299,1667482500.0
0.490505,32.0,35.0,BSHM,38.1964,1667482800.0
0.411992,32.0,35.0,BSHM,37.1003,1667483100.0
0.392747,32.0,35.0,BSHM,36.0088,1667483400.0
0.34827,32.0,35.0,BSHM,34.9284,1667483700.0
0.392749,32.0,35.0,BSHM,33.9333,1667484000.0
0.434167,32.0,35.0,BSHM,32.7537,1667484300.0
0.411479,32.0,35.0,BSHM,31.5041,1667484600.0
0.434187,32.0,35.0,BSHM,30.4644,1667484900.0
0.46081,32.0,35.0,BSHM,29.4871,1667485200.0
0.531773,32.0,35.0,BSHM,28.3099,1667485500.0
0.46124,32.0,35.0,BSHM,27.1992,1667485800.0
0.493159,32.0,35.0,BSHM,26.6943,1667486100.0
0.460686,32.0,35.0,BSHM,25.7543,1667486400.0
0.460715,32.0,35.0,BSHM,24.8079,1667486700.0
0.434901,32.0,35.0,BSHM,24.0512,1667487000.0
0.492568,32.0,35.0,BSHM,22.8969,1667487300.0
0.532264,32.0,35.0,BSHM,21.6243,1667487600.0
0.651603,32.0,35.0,BSHM,20.4042,1667487900.0
0.752168,32.0,35.0,BSHM,19.8523,1667488200.0
0.921356,32.0,35.0,BSHM,18.9001,1667488500.0
1.30244,32.0,35.0,BSHM,17.8041,1667488800.0
1.30301,32.0,35.0,BSHM,17.0288,1667489100.0
1.30859,32.0,35.0,BSHM,16.0177,1667490600.0
0.922288,32.0,35.0,BSHM,15.7453,1667490900.0
0.752274,32.0,35.0,BSHM,15.3553,1667491200.0
0.651683,32.0,35.0,BSHM,14.8971,1667491500.0
0.65135,32.0,35.0,BSHM,14.4557,1667491800.0
0.752072,32.0,35.0,BSHM,14.0035,1667492100.0
0.752086,32.0,35.0,BSHM,13.6339,1667492400.0
0.921085,32.0,35.0,BSHM,13.2408,1667492700.0
0.754102,32.0,35.0,BSHM,11.6996,1667493000.0
0.922885,32.0,35.0,BSHM,10.6853,1667493300.0
0.922954,32.0,35.0,BSHM,10.2777,1667493600.0
0.92288,32.0,35.0,BSHM,9.9469,1667493900.0
0.922836,32.0,35.0,BSHM,9.68873,1667494200.0
1.30855,32.0,35.0,BSHM,9.43647,1667494500.0
0.926236,32.0,35.0,BSHM,10.0649,1667495400.0
0.923629,32.0,35.0,BSHM,9.89516,1667495700.0
1.30268,32.0,35.0,BSHM,9.72859,1667496000.0
1.33641,32.0,35.0,BSHM,9.17518,1667496900.0
1.30663,32.0,35.0,BSHM,9.28446,1667497200.0
0.941777,32.0,35.0,BSHM,9.07179,1667499000.0
0.923712,32.0,35.0,BSHM,9.14362,1667499300.0
0.657336,32.0,35.0,BSHM,9.27401,1667499600.0
0.754184,32.0,35.0,BSHM,9.40354,1667499900.0
0.585274,32.0,35.0,BSHM,9.46997,1667500200.0
0.584017,32.0,35.0,BSHM,9.52696,1667500500.0
0.532896,32.0,35.0,BSHM,9.53124,1667500800.0
0.493777,32.0,35.0,BSHM,9.55157,1667501100.0
0.533133,32.0,35.0,BSHM,9.62838,1667501400.0
0.583137,32.0,35.0,BSHM,9.69528,1667501700.0
0.583043,32.0,35.0,BSHM,9.76682,1667502000.0
0.651497,32.0,35.0,BSHM,9.87852,1667502300.0
0.758371,32.0,35.0,BSHM,10.0302,1667502600.0
0.920925,32.0,35.0,BSHM,10.0355,1667502900.0
1.30202,32.0,35.0,BSHM,10.1302,1667503200.0
1.35821,32.0,35.0,BSHM,11.3097,1667503500.0
0.656728,32.0,35.0,BSHM,10.216,1667503800.0
0.585301,32.0,35.0,BSHM,9.8762,1667504100.0
0.462089,32.0,35.0,BSHM,9.66448,1667504400.0
0.434668,32.0,35.0,BSHM,9.58849,1667504700.0
0.392788,32.0,35.0,BSHM,9.41953,1667505000.0
0.412002,32.0,35.0,BSHM,9.33873,1667505300.0
0.411962,32.0,35.0,BSHM,9.23673,1667505600.0
0.39288,32.0,35.0,BSHM,9.22428,1667505900.0
0.376359,32.0,35.0,BSHM,9.09682,1667506200.0
0.411872,32.0,35.0,BSHM,8.94607,1667506500.0
0.412092,32.0,35.0,BSHM,8.8518,1667506800.0
0.531731,32.0,35.0,BSHM,8.77272,1667507100.0
0.532135,32.0,35.0,BSHM,8.65401,1667507400.0
0.531602,32.0,35.0,BSHM,8.57299,1667507700.0
0.460645,32.0,35.0,BSHM,8.57819,1667508000.0
0.392694,32.0,35.0,BSHM,8.63621,1667508300.0
0.376338,32.0,35.0,BSHM,8.68286,1667508600.0
0.361198,32.0,35.0,BSHM,8.70933,1667508900.0
0.348092,32.0,35.0,BSHM,8.68316,1667509200.0
0.36126,32.0,35.0,BSHM,8.89578,1667509500.0
0.361574,32.0,35.0,BSHM,8.94604,1667509800.0
0.375867,32.0,35.0,BSHM,9.20161,1667510100.0
0.392521,32.0,35.0,BSHM,9.63477,1667510400.0
0.376167,32.0,35.0,BSHM,9.71297,1667510700.0
0.411726,32.0,35.0,BSHM,9.62355,1667511000.0
0.411638,32.0,35.0,BSHM,9.5547,1667511300.0
0.39252,32.0,35.0,BSHM,9.43214,1667511600.0
0.411823,32.0,35.0,BSHM,9.36659,1667511900.0
0.46023,32.0,35.0,BSHM,9.28828,1667512200.0
0.460386,32.0,35.0,BSHM,9.23246,1667512500.0
0.460309,32.0,35.0,BSHM,8.97396,1667512800.0
0.460562,32.0,35.0,BSHM,8.85072,1667513100.0
0.491998,32.0,35.0,BSHM,8.77459,1667513400.0
0.531755,32.0,35.0,BSHM,8.3667,1667513700.0
0.531551,32.0,35.0,BSHM,8.16945,1667514000.0
0.460315,32.0,35.0,BSHM,7.76403,1667514300.0
0.411807,32.0,35.0,BSHM,7.58396,1667514600.0
0.434039,32.0,35.0,BSHM,7.34585,1667514900.0
0.411833,32.0,35.0,BSHM,7.12883,1667515200.0
0.392685,32.0,35.0,BSHM,6.76,1667515500.0
0.434158,32.0,35.0,BSHM,6.43748,1667515800.0
0.4604,32.0,35.0,BSHM,6.15457,1667516100.0
0.492753,32.0,35.0,BSHM,6.1774,1667516400.0
0.531953,32.0,35.0,BSHM,6.0117,1667516700.0
0.651714,32.0,35.0,BSHM,6.24393,1667517000.0
0.92069,32.0,35.0,BSHM,5.9509,1667517300.0
1.30191,32.0,35.0,BSHM,5.17679,1667517600.0
0.922891,32.0,35.0,BSHM,6.69328,1667520300.0
0.922036,32.0,35.0,BSHM,6.63003,1667520600.0
0.753172,32.0,35.0,BSHM,6.29146,1667520900.0
0.753099,32.0,35.0,BSHM,6.09898,1667521200.0
0.532801,32.0,35.0,BSHM,6.0605,1667521500.0
0.583033,32.0,35.0,BSHM,6.05764,1667521800.0
0.582933,32.0,35.0,BSHM,6.07624,1667522100.0
0.492788,32.0,35.0,BSHM,6.25839,1667522400.0
0.492566,32.0,35.0,BSHM,6.14322,1667522700.0
0.49228,32.0,35.0,BSHM,6.45844,1667523000.0
0.582352,32.0,35.0,BSHM,6.67208,1667523300.0
0.492331,32.0,35.0,BSHM,6.76025,1667523600.0
0.582123,32.0,35.0,BSHM,7.01778,1667523900.0
0.531847,32.0,35.0,BSHM,6.89827,1667524200.0
0.492036,32.0,35.0,BSHM,6.79341,1667524500.0
0.49227,32.0,35.0,BSHM,6.66997,1667524800.0
0.492897,32.0,35.0,BSHM,6.58679,1667525100.0
0.531617,32.0,35.0,BSHM,6.69885,1667525400.0
0.531649,32.0,35.0,BSHM,6.60208,1667525700.0
0.492262,32.0,35.0,BSHM,6.70238,1667526000.0
0.492414,32.0,35.0,BSHM,6.83377,1667526300.0
0.434412,32.0,35.0,BSHM,6.467,1667526600.0
0.393145,32.0,35.0,BSHM,6.33932,1667526900.0
0.41203,32.0,35.0,BSHM,6.28356,1667527200.0
0.411985,32.0,35.0,BSHM,6.24276,1667527500.0
0.461075,32.0,35.0,BSHM,6.09139,1667527800.0
0.434581,32.0,35.0,BSHM,5.82741,1667528100.0
0.531751,32.0,35.0,BSHM,5.85192,1667528400.0
0.533729,32.0,35.0,BSHM,5.87274,1667528700.0
0.582299,32.0,35.0,BSHM,5.64933,1667529000.0
0.582599,32.0,35.0,BSHM,5.54473,1667529300.0
0.751375,32.0,35.0,BSHM,5.33659,1667529600.0
0.582151,32.0,35.0,BSHM,5.14537,1667529900.0
0.460607,32.0,35.0,BSHM,5.01339,1667530200.0
0.531497,32.0,35.0,BSHM,4.91095,1667530500.0
0.492249,32.0,35.0,BSHM,4.91371,1667530800.0
0.434292,32.0,35.0,BSHM,4.80413,1667531100.0
0.492064,32.0,35.0,BSHM,4.65675,1667531400.0
0.491982,32.0,35.0,BSHM,4.64175,1667531700.0
0.460612,32.0,35.0,BSHM,5.71198,1667532000.0
0.492491,32.0,35.0,BSHM,6.587,1667532300.0
0.53173,32.0,35.0,BSHM,6.89212,1667532600.0
0.492289,32.0,35.0,BSHM,7.59321,1667532900.0
0.492617,32.0,35.0,BSHM,8.23176,1667533200.0
0.531792,32.0,35.0,BSHM,9.1687,1667533500.0
0.492505,32.0,35.0,BSHM,9.59791,1667533800.0
0.492477,32.0,35.0,BSHM,10.2208,1667534100.0
0.461032,32.0,35.0,BSHM,10.2875,1667534400.0
0.461981,32.0,35.0,BSHM,10.4603,1667534700.0
0.493145,32.0,35.0,BSHM,11.0954,1667535000.0
0.493861,32.0,35.0,BSHM,11.9086,1667535300.0
0.461517,32.0,35.0,BSHM,12.7791,1667535600.0
0.533822,32.0,35.0,BSHM,13.9739,1667535900.0
0.461685,32.0,35.0,BSHM,14.8415,1667536200.0
0.412557,32.0,35.0,BSHM,15.7109,1667536500.0
0.413521,32.0,35.0,BSHM,16.5748,1667536800.0
0.376894,32.0,35.0,BSHM,17.5252,1667537100.0
0.362057,32.0,35.0,BSHM,18.3254,1667537400.0
0.39452,32.0,35.0,BSHM,18.9124,1667537700.0
0.460932,32.0,35.0,BSHM,19.7538,1667538000.0
0.494586,32.0,35.0,BSHM,20.2074,1667538300.0
0.582701,32.0,35.0,BSHM,21.1938,1667538600.0
0.651341,32.0,35.0,BSHM,21.8655,1667538900.0
0.651495,32.0,35.0,BSHM,22.2142,1667539200.0
0.755246,32.0,35.0,BSHM,22.4836,1667539500.0
0.920999,32.0,35.0,BSHM,22.2251,1667539800.0
0.921513,32.0,35.0,BSHM,22.3494,1667540100.0
0.921534,32.0,35.0,BSHM,23.1211,1667540400.0
0.921366,32.0,35.0,BSHM,23.413,1667540700.0
0.755681,32.0,35.0,BSHM,23.8206,1667541000.0
0.752579,32.0,35.0,BSHM,24.7249,1667541300.0
0.752189,32.0,35.0,BSHM,25.0606,1667541600.0
0.753096,32.0,35.0,BSHM,26.5147,1667541900.0
0.752187,32.0,35.0,BSHM,27.7659,1667542200.0
0.583145,32.0,35.0,BSHM,28.5852,1667542500.0
0.531746,32.0,35.0,BSHM,29.2749,1667542800.0
0.460807,32.0,35.0,BSHM,29.7453,1667543100.0
0.460582,32.0,35.0,BSHM,30.4641,1667543400.0
0.460724,32.0,35.0,BSHM,31.2781,1667543700.0
0.492312,32.0,35.0,BSHM,31.667,1667544000.0
0.49229,32.0,35.0,BSHM,32.0997,1667544300.0
0.583152,32.0,35.0,BSHM,32.5366,1667544600.0
0.582889,32.0,35.0,BSHM,32.8918,1667544900.0
0.752265,32.0,35.0,BSHM,33.3316,1667545200.0
0.752287,32.0,35.0,BSHM,33.6336,1667545500.0
0.752749,32.0,35.0,BSHM,33.7142,1667545800.0
0.651469,32.0,35.0,BSHM,34.2269,1667546100.0
0.651371,32.0,35.0,BSHM,34.7178,1667546400.0
0.651368,32.0,35.0,BSHM,35.3305,1667546700.0
0.651338,32.0,35.0,BSHM,35.8713,1667547000.0
0.75215,32.0,35.0,BSHM,36.3135,1667547300.0
0.651442,32.0,35.0,BSHM,36.7125,1667547600.0
0.752139,32.0,35.0,BSHM,37.0484,1667547900.0
0.752235,32.0,35.0,BSHM,37.5402,1667548200.0
0.652331,32.0,35.0,BSHM,37.3852,1667548500.0
0.582649,32.0,35.0,BSHM,37.0168,1667548800.0
0.531872,32.0,35.0,BSHM,37.014,1667549100.0
0.49282,32.0,35.0,BSHM,37.1666,1667549400.0
0.492551,32.0,35.0,BSHM,37.1718,1667549700.0
0.531799,32.0,35.0,BSHM,36.1791,1667550000.0
0.582674,32.0,35.0,BSHM,35.6003,1667550300.0
0.752045,32.0,35.0,BSHM,35.9894,1667550600.0
0.583561,32.0,35.0,BSHM,35.3089,1667550900.0
0.753496,32.0,35.0,BSHM,34.6793,1667551200.0
0.923129,32.0,35.0,BSHM,34.1566,1667551500.0
0.923056,32.0,35.0,BSHM,33.8903,1667551800.0
0.923073,32.0,35.0,BSHM,33.6164,1667552100.0
1.308,32.0,35.0,BSHM,33.4126,1667552400.0
1.30339,32.0,35.0,BSHM,33.6383,1667552700.0
0.921944,32.0,35.0,BSHM,33.5614,1667553000.0
0.753311,32.0,35.0,BSHM,33.4121,1667553300.0
0.65229,32.0,35.0,BSHM,33.3529,1667553600.0
0.651726,32.0,35.0,BSHM,33.3198,1667553900.0
0.58334,32.0,35.0,BSHM,33.2461,1667554200.0
0.58291,32.0,35.0,BSHM,33.2511,1667554500.0
0.582894,32.0,35.0,BSHM,33.4562,1667554800.0
0.651601,32.0,35.0,BSHM,33.6239,1667555100.0
0.921736,32.0,35.0,BSHM,33.9183,1667555400.0
1.30282,32.0,35.0,BSHM,34.2722,1667555700.0
1.30309,32.0,35.0,BSHM,34.7195,1667556000.0
0.927334,32.0,35.0,BSHM,34.7244,1667556900.0
0.922371,32.0,35.0,BSHM,35.2672,1667557200.0
0.65303,32.0,35.0,BSHM,36.0115,1667557500.0
0.652058,32.0,35.0,BSHM,37.721,1667557800.0
0.532419,32.0,35.0,BSHM,38.7083,1667558100.0
0.532226,32.0,35.0,BSHM,39.5441,1667558400.0
0.532405,32.0,35.0,BSHM,40.5669,1667558700.0
0.493072,32.0,35.0,BSHM,41.4219,1667559000.0
0.492626,32.0,35.0,BSHM,42.2683,1667559300.0
0.460961,32.0,35.0,BSHM,42.561,1667559600.0
0.46175,32.0,35.0,BSHM,43.0733,1667559900.0
0.531966,32.0,35.0,BSHM,43.8671,1667560200.0
0.531885,32.0,35.0,BSHM,43.623,1667560500.0
0.492632,32.0,35.0,BSHM,43.4137,1667560800.0
0.532121,32.0,35.0,BSHM,42.4335,1667561100.0
0.460953,32.0,35.0,BSHM,42.3682,1667561400.0
0.492612,32.0,35.0,BSHM,41.4514,1667561700.0
0.492876,32.0,35.0,BSHM,40.7407,1667562000.0
0.46101,32.0,35.0,BSHM,40.8241,1667562300.0
0.493459,32.0,35.0,BSHM,40.6828,1667562600.0
0.461492,32.0,35.0,BSHM,41.3224,1667562900.0
0.492479,32.0,35.0,BSHM,41.5015,1667563200.0
0.492229,32.0,35.0,BSHM,41.99,1667563500.0
0.43415,32.0,35.0,BSHM,41.4111,1667563800.0
0.460361,32.0,35.0,BSHM,40.8043,1667564100.0
0.460419,32.0,35.0,BSHM,40.0184,1667564400.0
0.434264,32.0,35.0,BSHM,39.2495,1667564700.0
0.411885,32.0,35.0,BSHM,38.7499,1667565000.0
0.39343,32.0,35.0,BSHM,38.2961,1667565300.0
0.376236,32.0,35.0,BSHM,37.9354,1667565600.0
0.33688,32.0,35.0,BSHM,37.0653,1667565900.0
0.361872,32.0,35.0,BSHM,36.6885,1667566200.0
0.376575,32.0,35.0,BSHM,36.4277,1667566500.0
0.434916,32.0,35.0,BSHM,35.7947,1667566800.0
0.532148,32.0,35.0,BSHM,35.901,1667567100.0
0.652129,32.0,35.0,BSHM,37.6613,1667567400.0
0.752649,32.0,35.0,BSHM,37.561,1667567700.0
0.652405,32.0,35.0,BSHM,33.4159,1667568000.0
0.583529,32.0,35.0,BSHM,33.2175,1667568300.0
0.582626,32.0,35.0,BSHM,31.4222,1667568600.0
0.460707,32.0,35.0,BSHM,30.9211,1667568900.0
0.411992,32.0,35.0,BSHM,30.6293,1667569200.0
0.41196,32.0,35.0,BSHM,29.8808,1667569500.0
0.392763,32.0,35.0,BSHM,28.9391,1667569800.0
0.361793,32.0,35.0,BSHM,28.4125,1667570100.0
0.376289,32.0,35.0,BSHM,27.8755,1667570400.0
0.376151,32.0,35.0,BSHM,27.3276,1667570700.0
0.412032,32.0,35.0,BSHM,26.6723,1667571000.0
0.412163,32.0,35.0,BSHM,25.8206,1667571300.0
0.460636,32.0,35.0,BSHM,25.3283,1667571600.0
0.492583,32.0,35.0,BSHM,24.2384,1667571900.0
0.582594,32.0,35.0,BSHM,23.1967,1667572200.0
0.460984,32.0,35.0,BSHM,21.9337,1667572500.0
0.460696,32.0,35.0,BSHM,20.8736,1667572800.0
0.46135,32.0,35.0,BSHM,20.2376,1667573100.0
0.531967,32.0,35.0,BSHM,19.3689,1667573400.0
0.532082,32.0,35.0,BSHM,18.3909,1667573700.0
0.582676,32.0,35.0,BSHM,17.6684,1667574000.0
0.583031,32.0,35.0,BSHM,16.823,1667574300.0
0.752433,32.0,35.0,BSHM,16.0258,1667574600.0
0.921694,32.0,35.0,BSHM,15.5465,1667574900.0
1.30299,32.0,35.0,BSHM,14.2758,1667575200.0
0.924126,32.0,35.0,BSHM,11.4939,1667577000.0
0.752853,32.0,35.0,BSHM,11.18,1667577300.0
0.653474,32.0,35.0,BSHM,10.9261,1667577600.0
0.651491,32.0,35.0,BSHM,10.6644,1667577900.0
0.652384,32.0,35.0,BSHM,10.4021,1667578200.0
0.752336,32.0,35.0,BSHM,10.2147,1667578500.0
0.65827,32.0,35.0,BSHM,10.0433,1667578800.0
0.757302,32.0,35.0,BSHM,9.79707,1667579100.0
0.929962,32.0,35.0,BSHM,9.47117,1667579400.0
0.930611,32.0,35.0,BSHM,9.18756,1667579700.0
0.931954,32.0,35.0,BSHM,9.00636,1667580000.0
1.49087,32.0,35.0,BSHM,8.72432,1667580300.0
1.30182,32.0,35.0,BSHM,9.01024,1667581500.0
0.922292,32.0,35.0,BSHM,9.58179,1667581800.0
1.30181,32.0,35.0,BSHM,8.63505,1667582100.0
1.30393,32.0,35.0,BSHM,9.24273,1667582700.0
0.922358,32.0,35.0,BSHM,8.91559,1667583000.0
0.921931,32.0,35.0,BSHM,8.79615,1667583300.0
0.928752,32.0,35.0,BSHM,8.73035,1667583600.0
1.31236,32.0,35.0,BSHM,7.47971,1667585700.0
0.753149,32.0,35.0,BSHM,7.27253,1667586000.0
0.921697,32.0,35.0,BSHM,7.16211,1667586300.0
0.75278,32.0,35.0,BSHM,7.17389,1667586600.0
0.495545,32.0,35.0,BSHM,6.91337,1667586900.0
0.435577,32.0,35.0,BSHM,6.83519,1667587200.0
0.434649,32.0,35.0,BSHM,6.85326,1667587500.0
0.434624,32.0,35.0,BSHM,6.86204,1667587800.0
0.492899,32.0,35.0,BSHM,6.73689,1667588100.0
0.582788,32.0,35.0,BSHM,6.61553,1667588400.0
0.651865,32.0,35.0,BSHM,6.44138,1667588700.0
0.752224,32.0,35.0,BSHM,6.36564,1667589000.0
0.921445,32.0,35.0,BSHM,6.30764,1667589300.0
0.922569,32.0,35.0,BSHM,6.56249,1667589600.0
0.75251,32.0,35.0,BSHM,6.75224,1667589900.0
0.583066,32.0,35.0,BSHM,6.67089,1667590200.0
0.492499,32.0,35.0,BSHM,6.28484,1667590500.0
0.492566,32.0,35.0,BSHM,6.54817,1667590800.0
0.393177,32.0,35.0,BSHM,6.67591,1667591100.0
0.393006,32.0,35.0,BSHM,6.62557,1667591400.0
0.411924,32.0,35.0,BSHM,6.64897,1667591700.0
0.392749,32.0,35.0,BSHM,6.66531,1667592000.0
0.362052,32.0,35.0,BSHM,6.69756,1667592300.0
0.39274,32.0,35.0,BSHM,6.74455,1667592600.0
0.392788,32.0,35.0,BSHM,6.71233,1667592900.0
0.492299,32.0,35.0,BSHM,6.70869,1667593200.0
0.461596,32.0,35.0,BSHM,6.64628,1667593500.0
0.460945,32.0,35.0,BSHM,6.61893,1667593800.0
0.434142,32.0,35.0,BSHM,6.50502,1667594100.0
0.392855,32.0,35.0,BSHM,6.47946,1667594400.0
0.392779,32.0,35.0,BSHM,6.48788,1667594700.0
0.348069,32.0,35.0,BSHM,6.54625,1667595000.0
0.361214,32.0,35.0,BSHM,6.63741,1667595300.0
0.36113,32.0,35.0,BSHM,6.80086,1667595600.0
0.36146,32.0,35.0,BSHM,6.7473,1667595900.0
0.361136,32.0,35.0,BSHM,7.07481,1667596200.0
0.375842,32.0,35.0,BSHM,7.20805,1667596500.0
0.376408,32.0,35.0,BSHM,7.42618,1667596800.0
0.37583,32.0,35.0,BSHM,7.42896,1667597100.0
0.392504,32.0,35.0,BSHM,7.45677,1667597400.0
0.375927,32.0,35.0,BSHM,7.51302,1667597700.0
0.392495,32.0,35.0,BSHM,7.5255,1667598000.0
0.411682,32.0,35.0,BSHM,7.56312,1667598300.0
0.433918,32.0,35.0,BSHM,7.66345,1667598600.0
0.49205,32.0,35.0,BSHM,7.62335,1667598900.0
0.46031,32.0,35.0,BSHM,7.63372,1667599200.0
0.491932,32.0,35.0,BSHM,7.78672,1667599500.0
0.531663,32.0,35.0,BSHM,7.58367,1667599800.0
0.5824,32.0,35.0,BSHM,7.60977,1667600100.0
0.49256,32.0,35.0,BSHM,7.32683,1667600400.0
0.434,32.0,35.0,BSHM,7.21442,1667600700.0
0.393156,32.0,35.0,BSHM,7.0401,1667601000.0
0.411821,32.0,35.0,BSHM,6.97423,1667601300.0
0.392683,32.0,35.0,BSHM,6.85416,1667601600.0
0.39316,32.0,35.0,BSHM,6.70781,1667601900.0
0.492163,32.0,35.0,BSHM,6.62414,1667602200.0
0.461687,32.0,35.0,BSHM,6.35535,1667602500.0
0.582657,32.0,35.0,BSHM,6.29386,1667602800.0
0.582872,32.0,35.0,BSHM,6.30569,1667603100.0
0.752305,32.0,35.0,BSHM,6.51826,1667603400.0
1.30178,32.0,35.0,BSHM,6.07934,1667603700.0
0.925577,32.0,35.0,BSHM,7.41919,1667606400.0
0.922789,32.0,35.0,BSHM,7.34717,1667606700.0
0.753992,32.0,35.0,BSHM,6.69452,1667607000.0
0.923065,32.0,35.0,BSHM,6.56702,1667607300.0
0.652346,32.0,35.0,BSHM,6.38197,1667607600.0
0.652385,32.0,35.0,BSHM,6.2088,1667607900.0
0.652448,32.0,35.0,BSHM,6.11483,1667608200.0
0.583443,32.0,35.0,BSHM,6.0613,1667608500.0
0.583173,32.0,35.0,BSHM,5.81854,1667608800.0
0.494047,32.0,35.0,BSHM,5.85724,1667609100.0
0.532251,32.0,35.0,BSHM,5.92055,1667609400.0
0.492959,32.0,35.0,BSHM,5.96319,1667609700.0
0.651197,32.0,35.0,BSHM,5.98088,1667610000.0
0.651169,32.0,35.0,BSHM,5.89762,1667610300.0
0.531729,32.0,35.0,BSHM,5.88435,1667610600.0
0.531935,32.0,35.0,BSHM,5.79983,1667610900.0
0.493073,32.0,35.0,BSHM,5.74333,1667611200.0
0.58258,32.0,35.0,BSHM,5.72689,1667611500.0
0.53176,32.0,35.0,BSHM,5.64388,1667611800.0
0.492359,32.0,35.0,BSHM,5.64447,1667612100.0
0.531906,32.0,35.0,BSHM,5.67063,1667612400.0
0.492362,32.0,35.0,BSHM,5.56115,1667612700.0
0.434401,32.0,35.0,BSHM,5.52607,1667613000.0
0.434317,32.0,35.0,BSHM,5.44856,1667613300.0
0.412247,32.0,35.0,BSHM,5.35829,1667613600.0
0.435725,32.0,35.0,BSHM,5.20855,1667613900.0
0.461056,32.0,35.0,BSHM,5.11825,1667614200.0
0.492913,32.0,35.0,BSHM,5.07274,1667614500.0
0.493026,32.0,35.0,BSHM,5.0061,1667614800.0
0.46276,32.0,35.0,BSHM,5.06986,1667615100.0
0.493464,32.0,35.0,BSHM,5.09584,1667615400.0
0.532492,32.0,35.0,BSHM,5.1523,1667615700.0
0.461732,32.0,35.0,BSHM,5.25094,1667616000.0
0.412258,32.0,35.0,BSHM,5.29702,1667616300.0
0.435645,32.0,35.0,BSHM,5.12591,1667616600.0
0.434193,32.0,35.0,BSHM,5.06557,1667616900.0
0.434395,32.0,35.0,BSHM,5.29644,1667617200.0
0.460489,32.0,35.0,BSHM,5.44512,1667617500.0
0.492258,32.0,35.0,BSHM,5.46571,1667617800.0
0.531623,32.0,35.0,BSHM,5.51445,1667618100.0
0.651047,32.0,35.0,BSHM,5.61102,1667618400.0
0.651051,32.0,35.0,BSHM,5.84397,1667618700.0
0.651111,32.0,35.0,BSHM,6.12154,1667619000.0
0.751733,32.0,35.0,BSHM,6.47364,1667619300.0
0.920659,32.0,35.0,BSHM,7.02452,1667619600.0
0.920614,32.0,35.0,BSHM,7.62213,1667619900.0
0.92064,32.0,35.0,BSHM,8.37528,1667620200.0
0.923375,32.0,35.0,BSHM,8.97713,1667620500.0
1.30495,32.0,35.0,BSHM,10.7811,1667621400.0
0.923243,32.0,35.0,BSHM,11.6622,1667621700.0
0.922153,32.0,35.0,BSHM,12.5208,1667622000.0
0.753001,32.0,35.0,BSHM,13.4729,1667622300.0
0.651905,32.0,35.0,BSHM,14.3765,1667622600.0
0.532678,32.0,35.0,BSHM,15.2954,1667622900.0
0.532443,32.0,35.0,BSHM,16.0485,1667623200.0
0.531976,32.0,35.0,BSHM,16.985,1667623500.0
0.53188,32.0,35.0,BSHM,17.7056,1667623800.0
0.461543,32.0,35.0,BSHM,18.3675,1667624100.0
0.49275,32.0,35.0,BSHM,18.8973,1667624400.0
0.49261,32.0,35.0,BSHM,19.6995,1667624700.0
0.532058,32.0,35.0,BSHM,20.3326,1667625000.0
0.58258,32.0,35.0,BSHM,21.0154,1667625300.0
0.532969,32.0,35.0,BSHM,21.5556,1667625600.0
0.651509,32.0,35.0,BSHM,22.0253,1667625900.0
0.752385,32.0,35.0,BSHM,22.2501,1667626200.0
0.753564,32.0,35.0,BSHM,22.9,1667626500.0
0.921562,32.0,35.0,BSHM,22.8856,1667626800.0
0.924104,32.0,35.0,BSHM,23.1309,1667627100.0
0.921302,32.0,35.0,BSHM,23.8116,1667627400.0
0.651645,32.0,35.0,BSHM,24.0909,1667627700.0
0.752469,32.0,35.0,BSHM,24.4971,1667628000.0
0.921392,32.0,35.0,BSHM,24.7431,1667628300.0
0.752409,32.0,35.0,BSHM,24.9901,1667628600.0
0.582881,32.0,35.0,BSHM,25.108,1667628900.0
0.492467,32.0,35.0,BSHM,25.5165,1667629200.0
0.492373,32.0,35.0,BSHM,25.8127,1667629500.0
0.531846,32.0,35.0,BSHM,26.1091,1667629800.0
0.492678,32.0,35.0,BSHM,26.5878,1667630100.0
0.531745,32.0,35.0,BSHM,27.2202,1667630400.0
0.461136,32.0,35.0,BSHM,27.6319,1667630700.0
0.492816,32.0,35.0,BSHM,28.3216,1667631000.0
0.535491,32.0,35.0,BSHM,28.1667,1667631300.0
0.585275,32.0,35.0,BSHM,28.6744,1667631600.0
0.752452,32.0,35.0,BSHM,30.0035,1667631900.0
0.583755,32.0,35.0,BSHM,31.1774,1667632200.0
0.651504,32.0,35.0,BSHM,32.3793,1667632500.0
0.651466,32.0,35.0,BSHM,33.3234,1667632800.0
0.651462,32.0,35.0,BSHM,34.4003,1667633100.0
0.651753,32.0,35.0,BSHM,35.3071,1667633400.0
0.651586,32.0,35.0,BSHM,36.5735,1667633700.0
0.651742,32.0,35.0,BSHM,37.7293,1667634000.0
0.752561,32.0,35.0,BSHM,38.7101,1667634300.0
0.651846,32.0,35.0,BSHM,39.8588,1667634600.0
0.532343,32.0,35.0,BSHM,40.2314,1667634900.0
0.532208,32.0,35.0,BSHM,40.5596,1667635200.0
0.492808,32.0,35.0,BSHM,41.6222,1667635500.0
0.460941,32.0,35.0,BSHM,41.9948,1667635800.0
0.532124,32.0,35.0,BSHM,42.1709,1667636100.0
0.584151,32.0,35.0,BSHM,42.0774,1667636400.0
0.533077,32.0,35.0,BSHM,41.44,1667636700.0
0.532823,32.0,35.0,BSHM,41.1395,1667637000.0
0.572647,32.0,35.0,BSHM,40.1347,1667637300.0
0.73562,32.0,35.0,BSHM,38.6105,1667637600.0
0.926054,32.0,35.0,BSHM,37.8018,1667637900.0
1.30464,32.0,35.0,BSHM,35.5377,1667638800.0
0.922408,32.0,35.0,BSHM,34.4488,1667639100.0
0.922244,32.0,35.0,BSHM,33.7347,1667639400.0
0.752831,32.0,35.0,BSHM,33.3109,1667639700.0
0.652155,32.0,35.0,BSHM,32.7571,1667640000.0
0.584894,32.0,35.0,BSHM,31.371,1667640300.0
0.532726,32.0,35.0,BSHM,31.4772,1667640600.0
0.532692,32.0,35.0,BSHM,31.541,1667640900.0
0.652136,32.0,35.0,BSHM,32.6029,1667641200.0
0.753308,32.0,35.0,BSHM,32.8917,1667641500.0
1.3036,32.0,35.0,BSHM,33.5268,1667641800.0
1.30383,32.0,35.0,BSHM,34.0432,1667642100.0
1.30763,32.0,35.0,BSHM,33.5417,1667642700.0
0.923737,32.0,35.0,BSHM,33.3232,1667643000.0
0.757545,32.0,35.0,BSHM,34.5725,1667643300.0
0.925785,32.0,35.0,BSHM,36.3404,1667643600.0
0.755206,32.0,35.0,BSHM,37.535,1667643900.0
0.532816,32.0,35.0,BSHM,39.1919,1667644200.0
0.532753,32.0,35.0,BSHM,40.4926,1667644500.0
0.493225,32.0,35.0,BSHM,41.3863,1667644800.0
0.49329,32.0,35.0,BSHM,41.9814,1667645100.0
0.492806,32.0,35.0,BSHM,42.7124,1667645400.0
0.435849,32.0,35.0,BSHM,42.6053,1667645700.0
0.461933,32.0,35.0,BSHM,43.2715,1667646000.0
0.53218,32.0,35.0,BSHM,44.5261,1667646300.0
0.582817,32.0,35.0,BSHM,45.4464,1667646600.0
0.532518,32.0,35.0,BSHM,45.837,1667646900.0
0.583038,32.0,35.0,BSHM,45.4638,1667647200.0
0.532392,32.0,35.0,BSHM,45.4639,1667647500.0
0.532989,32.0,35.0,BSHM,45.628,1667647800.0
0.583009,32.0,35.0,BSHM,45.2197,1667648100.0
0.532189,32.0,35.0,BSHM,44.6487,1667648400.0
0.46093,32.0,35.0,BSHM,44.6884,1667648700.0
0.460935,32.0,35.0,BSHM,44.5491,1667649000.0
0.492613,32.0,35.0,BSHM,44.3492,1667649300.0
0.460956,32.0,35.0,BSHM,44.6772,1667649600.0
0.434333,32.0,35.0,BSHM,44.9058,1667649900.0
0.43425,32.0,35.0,BSHM,44.5437,1667650200.0
0.460528,32.0,35.0,BSHM,44.4126,1667650500.0
0.434214,32.0,35.0,BSHM,44.015,1667650800.0
0.460566,32.0,35.0,BSHM,43.6657,1667651100.0
0.434449,32.0,35.0,BSHM,43.0369,1667651400.0
0.412204,32.0,35.0,BSHM,42.4374,1667651700.0
0.37642,32.0,35.0,BSHM,41.7806,1667652000.0
0.392988,32.0,35.0,BSHM,41.2648,1667652300.0
0.348589,32.0,35.0,BSHM,40.2478,1667652600.0
0.393098,32.0,35.0,BSHM,39.8386,1667652900.0
0.393679,32.0,35.0,BSHM,39.4319,1667653200.0
0.492668,32.0,35.0,BSHM,39.0507,1667653500.0
0.532332,32.0,35.0,BSHM,39.3084,1667653800.0
0.532454,32.0,35.0,BSHM,39.928,1667654100.0
0.492902,32.0,35.0,BSHM,39.216,1667654400.0
0.532004,32.0,35.0,BSHM,38.331,1667654700.0
0.460947,32.0,35.0,BSHM,37.1902,1667655000.0
0.412078,32.0,35.0,BSHM,36.4791,1667655300.0
0.393007,32.0,35.0,BSHM,35.7045,1667655600.0
0.376156,32.0,35.0,BSHM,35.158,1667655900.0
0.348268,32.0,35.0,BSHM,34.5411,1667656200.0
0.361516,32.0,35.0,BSHM,33.8347,1667656500.0
0.375813,32.0,35.0,BSHM,33.0539,1667656800.0
0.412254,32.0,35.0,BSHM,32.2771,1667657100.0
0.412159,32.0,35.0,BSHM,31.2768,1667657400.0
0.4607,32.0,35.0,BSHM,30.9693,1667657700.0
0.434865,32.0,35.0,BSHM,29.6983,1667658000.0
0.461822,32.0,35.0,BSHM,28.5195,1667658300.0
0.434939,32.0,35.0,BSHM,27.3629,1667658600.0
0.412484,32.0,35.0,BSHM,26.0974,1667658900.0
0.394122,32.0,35.0,BSHM,24.7445,1667659200.0
0.461288,32.0,35.0,BSHM,23.3298,1667659500.0
0.461335,32.0,35.0,BSHM,21.9748,1667659800.0
0.532026,32.0,35.0,BSHM,21.075,1667660100.0
0.582947,32.0,35.0,BSHM,19.7818,1667660400.0
0.75258,32.0,35.0,BSHM,18.1956,1667660700.0
0.92192,32.0,35.0,BSHM,17.0335,1667661000.0
1.30337,32.0,35.0,BSHM,15.6275,1667661300.0
1.30359,32.0,35.0,BSHM,13.115,1667663100.0
0.753162,32.0,35.0,BSHM,12.6763,1667663400.0
0.752399,32.0,35.0,BSHM,12.485,1667663700.0
0.651639,32.0,35.0,BSHM,12.3301,1667664000.0
0.651786,32.0,35.0,BSHM,12.2419,1667664300.0
0.752306,32.0,35.0,BSHM,12.1705,1667664600.0
0.921438,32.0,35.0,BSHM,12.093,1667664900.0
0.754409,32.0,35.0,BSHM,11.7632,1667665200.0
0.925173,32.0,35.0,BSHM,10.5992,1667665500.0
0.924472,32.0,35.0,BSHM,10.3899,1667665800.0
0.924567,32.0,35.0,BSHM,10.2323,1667666100.0
0.924678,32.0,35.0,BSHM,10.0997,1667666400.0
0.92488,32.0,35.0,BSHM,9.98413,1667666700.0
1.30297,32.0,35.0,BSHM,8.7169,1667667600.0
0.923328,32.0,35.0,BSHM,9.70751,1667667900.0
1.30275,32.0,35.0,BSHM,8.2521,1667668200.0
1.30604,32.0,35.0,BSHM,10.8582,1667668800.0
0.922957,32.0,35.0,BSHM,9.20644,1667669100.0
0.922806,32.0,35.0,BSHM,9.19355,1667669400.0
0.923974,32.0,35.0,BSHM,9.20735,1667669700.0
0.923172,32.0,35.0,BSHM,9.15061,1667671800.0
0.653322,32.0,35.0,BSHM,9.41717,1667672100.0
0.753651,32.0,35.0,BSHM,9.59607,1667672400.0
0.652691,32.0,35.0,BSHM,9.70275,1667672700.0
0.493283,32.0,35.0,BSHM,9.48267,1667673000.0
0.462067,32.0,35.0,BSHM,9.6287,1667673300.0
0.434769,32.0,35.0,BSHM,9.44234,1667673600.0
0.434677,32.0,35.0,BSHM,9.4836,1667673900.0
0.461348,32.0,35.0,BSHM,9.39791,1667674200.0
0.492762,32.0,35.0,BSHM,9.2683,1667674500.0
0.492894,32.0,35.0,BSHM,9.2307,1667674800.0
0.582817,32.0,35.0,BSHM,9.17946,1667675100.0
0.624138,32.0,35.0,BSHM,8.65957,1667675400.0
0.752556,32.0,35.0,BSHM,8.77838,1667675700.0
0.652118,32.0,35.0,BSHM,8.71975,1667676000.0
0.583293,32.0,35.0,BSHM,8.8233,1667676300.0
0.532171,32.0,35.0,BSHM,8.71756,1667676600.0
0.434413,32.0,35.0,BSHM,8.28987,1667676900.0
0.412337,32.0,35.0,BSHM,8.73065,1667677200.0
0.434477,32.0,35.0,BSHM,8.82573,1667677500.0
0.393787,32.0,35.0,BSHM,8.85006,1667677800.0
0.376445,32.0,35.0,BSHM,9.03311,1667678100.0
0.393008,32.0,35.0,BSHM,9.1914,1667678400.0
0.43444,32.0,35.0,BSHM,9.10388,1667678700.0
0.434555,32.0,35.0,BSHM,9.32418,1667679000.0
0.434643,32.0,35.0,BSHM,9.20126,1667679300.0
0.492774,32.0,35.0,BSHM,9.0382,1667679600.0
0.493193,32.0,35.0,BSHM,9.15601,1667679900.0
0.493364,32.0,35.0,BSHM,8.9726,1667680200.0
0.583519,32.0,35.0,BSHM,8.57071,1667680500.0
0.583605,32.0,35.0,BSHM,8.28047,1667680800.0
0.532917,32.0,35.0,BSHM,8.0443,1667681100.0
0.582882,32.0,35.0,BSHM,8.05531,1667681400.0
0.493966,32.0,35.0,BSHM,7.85871,1667681700.0
0.582603,32.0,35.0,BSHM,7.91611,1667682000.0
0.532381,32.0,35.0,BSHM,8.25982,1667682300.0
0.492283,32.0,35.0,BSHM,8.71791,1667682600.0
0.492096,32.0,35.0,BSHM,8.74416,1667682900.0
0.41182,32.0,35.0,BSHM,8.72816,1667683200.0
0.411772,32.0,35.0,BSHM,8.73494,1667683500.0
0.411866,32.0,35.0,BSHM,8.80798,1667683800.0
0.392713,32.0,35.0,BSHM,8.69,1667684100.0
0.411863,32.0,35.0,BSHM,8.59212,1667684400.0
0.434012,32.0,35.0,BSHM,8.6132,1667684700.0
0.46074,32.0,35.0,BSHM,8.43559,1667685000.0
0.460476,32.0,35.0,BSHM,8.53366,1667685300.0
0.46108,32.0,35.0,BSHM,8.71879,1667685600.0
0.531921,32.0,35.0,BSHM,8.54684,1667685900.0
0.46212,32.0,35.0,BSHM,8.49335,1667686200.0
0.492655,32.0,35.0,BSHM,8.68078,1667686500.0
0.412077,32.0,35.0,BSHM,8.70987,1667686800.0
0.392927,32.0,35.0,BSHM,8.72456,1667687100.0
0.412115,32.0,35.0,BSHM,8.75514,1667687400.0
0.412117,32.0,35.0,BSHM,8.77586,1667687700.0
0.460744,32.0,35.0,BSHM,8.84936,1667688000.0
0.492653,32.0,35.0,BSHM,8.7232,1667688300.0
0.531961,32.0,35.0,BSHM,8.6722,1667688600.0
0.532321,32.0,35.0,BSHM,8.37495,1667688900.0
0.652141,32.0,35.0,BSHM,8.33968,1667689200.0
0.921356,32.0,35.0,BSHM,8.68433,1667689500.0
1.30273,32.0,35.0,BSHM,7.6689,1667689800.0
1.30296,32.0,35.0,BSHM,7.54314,1667690100.0
1.30637,32.0,35.0,BSHM,7.84871,1667692500.0
0.921962,32.0,35.0,BSHM,5.84228,1667692800.0
0.753363,32.0,35.0,BSHM,5.25222,1667693100.0
0.758588,32.0,35.0,BSHM,5.30749,1667693400.0
0.588018,32.0,35.0,BSHM,5.1601,1667693700.0
0.532664,32.0,35.0,BSHM,5.23193,1667694000.0
0.583414,32.0,35.0,BSHM,5.27489,1667694300.0
0.532641,32.0,35.0,BSHM,5.40354,1667694600.0
0.461306,32.0,35.0,BSHM,5.55489,1667694900.0
0.43647,32.0,35.0,BSHM,5.64719,1667695200.0
0.49284,32.0,35.0,BSHM,5.84599,1667695500.0
0.492451,32.0,35.0,BSHM,6.07166,1667695800.0
0.532179,32.0,35.0,BSHM,6.11229,1667696100.0
0.582191,32.0,35.0,BSHM,6.07099,1667696400.0
0.49206,32.0,35.0,BSHM,5.97352,1667696700.0
0.492117,32.0,35.0,BSHM,5.87758,1667697000.0
0.492209,32.0,35.0,BSHM,5.78679,1667697300.0
0.434459,32.0,35.0,BSHM,6.0497,1667697600.0
0.460452,32.0,35.0,BSHM,6.01907,1667697900.0
0.412747,32.0,35.0,BSHM,5.8341,1667698200.0
0.460528,32.0,35.0,BSHM,5.44761,1667698500.0
0.460356,32.0,35.0,BSHM,5.36039,1667698800.0
0.411935,32.0,35.0,BSHM,5.16869,1667699100.0
0.433991,32.0,35.0,BSHM,5.0352,1667699400.0
0.411875,32.0,35.0,BSHM,4.90099,1667699700.0
0.492183,32.0,35.0,BSHM,4.82318,1667700000.0
0.531515,32.0,35.0,BSHM,4.70243,1667700300.0
0.582176,32.0,35.0,BSHM,4.50828,1667700600.0
0.531907,32.0,35.0,BSHM,4.35377,1667700900.0
0.582399,32.0,35.0,BSHM,4.03579,1667701200.0
0.582408,32.0,35.0,BSHM,3.9009,1667701500.0
0.492667,32.0,35.0,BSHM,3.69505,1667701800.0
0.4925,32.0,35.0,BSHM,3.68509,1667702100.0
0.434219,32.0,35.0,BSHM,3.6155,1667702400.0
0.434186,32.0,35.0,BSHM,3.63413,1667702700.0
0.434153,32.0,35.0,BSHM,3.60433,1667703000.0
0.434074,32.0,35.0,BSHM,3.5782,1667703300.0
0.434174,32.0,35.0,BSHM,3.58684,1667703600.0
0.492096,32.0,35.0,BSHM,3.55382,1667703900.0
0.531452,32.0,35.0,BSHM,3.54744,1667704200.0
0.650884,32.0,35.0,BSHM,3.57647,1667704500.0
0.582393,32.0,35.0,BSHM,3.94009,1667704800.0
0.6508,32.0,35.0,BSHM,4.50072,1667705100.0
0.651053,32.0,35.0,BSHM,5.35971,1667705400.0
0.651331,32.0,35.0,BSHM,6.26116,1667705700.0
0.651168,32.0,35.0,BSHM,6.58739,1667706000.0
0.585903,32.0,35.0,BSHM,7.32767,1667706300.0
0.582716,32.0,35.0,BSHM,7.69256,1667706600.0
0.532181,32.0,35.0,BSHM,7.50891,1667706900.0
0.533692,32.0,35.0,BSHM,8.08798,1667707200.0
0.53211,32.0,35.0,BSHM,8.62681,1667707500.0
0.531872,32.0,35.0,BSHM,9.30199,1667707800.0
0.492534,32.0,35.0,BSHM,10.2606,1667708100.0
0.53166,32.0,35.0,BSHM,11.189,1667708400.0
0.531728,32.0,35.0,BSHM,12.0846,1667708700.0
0.531681,32.0,35.0,BSHM,13.0329,1667709000.0
0.412166,32.0,35.0,BSHM,13.9483,1667709300.0
0.392754,32.0,35.0,BSHM,14.7911,1667709600.0
0.376269,32.0,35.0,BSHM,15.391,1667709900.0
0.434139,32.0,35.0,BSHM,16.1822,1667710200.0
0.461865,32.0,35.0,BSHM,16.6727,1667710500.0
0.531873,32.0,35.0,BSHM,17.2348,1667710800.0
0.460605,32.0,35.0,BSHM,17.7883,1667711100.0
0.531754,32.0,35.0,BSHM,18.4113,1667711400.0
0.493903,32.0,35.0,BSHM,18.804,1667711700.0
0.752108,32.0,35.0,BSHM,19.5496,1667712000.0
0.921156,32.0,35.0,BSHM,19.1632,1667712300.0
0.925393,32.0,35.0,BSHM,19.775,1667712600.0
0.921216,32.0,35.0,BSHM,20.0109,1667712900.0
0.922124,32.0,35.0,BSHM,20.3157,1667713200.0
0.921052,32.0,35.0,BSHM,20.7046,1667713500.0
0.651348,32.0,35.0,BSHM,21.3646,1667713800.0
0.752032,32.0,35.0,BSHM,21.9057,1667714100.0
0.752109,32.0,35.0,BSHM,22.4407,1667714400.0
0.651272,32.0,35.0,BSHM,22.9973,1667714700.0
0.651213,32.0,35.0,BSHM,23.4227,1667715000.0
0.532103,32.0,35.0,BSHM,23.7692,1667715300.0
0.49238,32.0,35.0,BSHM,24.0353,1667715600.0
0.492886,32.0,35.0,BSHM,24.6919,1667715900.0
0.460946,32.0,35.0,BSHM,25.248,1667716200.0
0.460735,32.0,35.0,BSHM,25.5107,1667716500.0
0.460918,32.0,35.0,BSHM,26.0463,1667716800.0
0.582861,32.0,35.0,BSHM,26.491,1667717100.0
0.582908,32.0,35.0,BSHM,26.9679,1667717400.0
0.653342,32.0,35.0,BSHM,27.7068,1667717700.0
0.921615,32.0,35.0,BSHM,27.9223,1667718000.0
0.752408,32.0,35.0,BSHM,28.8063,1667718300.0
0.58282,32.0,35.0,BSHM,29.9283,1667718600.0
0.582699,32.0,35.0,BSHM,30.5507,1667718900.0
0.651477,32.0,35.0,BSHM,31.1194,1667719200.0
0.651582,32.0,35.0,BSHM,31.8918,1667719500.0
0.651439,32.0,35.0,BSHM,32.9356,1667719800.0
0.651306,32.0,35.0,BSHM,33.6454,1667720100.0
0.751913,32.0,35.0,BSHM,34.1059,1667720400.0
0.751904,32.0,35.0,BSHM,34.575,1667720700.0
0.651213,32.0,35.0,BSHM,36.1797,1667721000.0
0.492554,32.0,35.0,BSHM,36.5249,1667721300.0
0.460636,32.0,35.0,BSHM,36.6802,1667721600.0
0.460691,32.0,35.0,BSHM,37.2791,1667721900.0
0.531703,32.0,35.0,BSHM,37.6869,1667722200.0
0.49408,32.0,35.0,BSHM,38.4104,1667722500.0
0.492777,32.0,35.0,BSHM,38.8956,1667722800.0
0.53235,32.0,35.0,BSHM,39.31,1667723100.0
0.583334,32.0,35.0,BSHM,39.6613,1667723400.0
0.753461,32.0,35.0,BSHM,39.9527,1667723700.0
0.92492,32.0,35.0,BSHM,40.2942,1667724000.0
1.30432,32.0,35.0,BSHM,39.6123,1667724900.0
0.922139,32.0,35.0,BSHM,39.2755,1667725200.0
0.921532,32.0,35.0,BSHM,38.6028,1667725500.0
0.75237,32.0,35.0,BSHM,37.8464,1667725800.0
0.651532,32.0,35.0,BSHM,37.3406,1667726100.0
0.651453,32.0,35.0,BSHM,36.8039,1667726400.0
0.532177,32.0,35.0,BSHM,35.7595,1667726700.0
0.532282,32.0,35.0,BSHM,35.6175,1667727000.0
0.586078,32.0,35.0,BSHM,35.3065,1667727300.0
0.75223,32.0,35.0,BSHM,35.4809,1667727600.0
0.921684,32.0,35.0,BSHM,35.2803,1667727900.0
1.30267,32.0,35.0,BSHM,35.0986,1667728200.0
1.31855,32.0,35.0,BSHM,32.794,1667729400.0
1.30464,32.0,35.0,BSHM,33.0631,1667729700.0
0.923721,32.0,35.0,BSHM,33.9599,1667730000.0
0.921543,32.0,35.0,BSHM,36.3084,1667730300.0
0.583656,32.0,35.0,BSHM,37.1507,1667730600.0
0.582776,32.0,35.0,BSHM,37.8185,1667730900.0
0.532291,32.0,35.0,BSHM,38.1847,1667731200.0
0.492586,32.0,35.0,BSHM,38.644,1667731500.0
0.461012,32.0,35.0,BSHM,38.7848,1667731800.0
0.434773,32.0,35.0,BSHM,38.8353,1667732100.0
0.493359,32.0,35.0,BSHM,38.8992,1667732400.0
0.533813,32.0,35.0,BSHM,39.3715,1667732700.0
0.492952,32.0,35.0,BSHM,39.3889,1667733000.0
0.532418,32.0,35.0,BSHM,39.3215,1667733300.0
0.461663,32.0,35.0,BSHM,38.9368,1667733600.0
0.493238,32.0,35.0,BSHM,38.385,1667733900.0
0.493314,32.0,35.0,BSHM,37.8653,1667734200.0
0.493382,32.0,35.0,BSHM,37.205,1667734500.0
0.462678,32.0,35.0,BSHM,36.7867,1667734800.0
0.461385,32.0,35.0,BSHM,36.2018,1667735100.0
0.492843,32.0,35.0,BSHM,35.7559,1667735400.0
0.492709,32.0,35.0,BSHM,35.6679,1667735700.0
0.46072,32.0,35.0,BSHM,35.4818,1667736000.0
0.492465,32.0,35.0,BSHM,35.1618,1667736300.0
0.460864,32.0,35.0,BSHM,34.8234,1667736600.0
0.460509,32.0,35.0,BSHM,34.7849,1667736900.0
0.434242,32.0,35.0,BSHM,34.4939,1667737200.0
0.412027,32.0,35.0,BSHM,34.2444,1667737500.0
0.412468,32.0,35.0,BSHM,33.8813,1667737800.0
0.393233,32.0,35.0,BSHM,33.5261,1667738100.0
0.393368,32.0,35.0,BSHM,32.9128,1667738400.0
0.376255,32.0,35.0,BSHM,32.7166,1667738700.0
0.377018,32.0,35.0,BSHM,32.1952,1667739000.0
0.41271,32.0,35.0,BSHM,32.4832,1667739300.0
0.534173,32.0,35.0,BSHM,32.444,1667739600.0
0.582544,32.0,35.0,BSHM,33.1204,1667739900.0
0.582644,32.0,35.0,BSHM,32.5817,1667740200.0
0.531877,32.0,35.0,BSHM,32.2986,1667740500.0
0.531825,32.0,35.0,BSHM,31.203,1667740800.0
0.492596,32.0,35.0,BSHM,30.5661,1667741100.0
0.411949,32.0,35.0,BSHM,30.0341,1667741400.0
0.411917,32.0,35.0,BSHM,29.4627,1667741700.0
0.376051,32.0,35.0,BSHM,28.7933,1667742000.0
0.348153,32.0,35.0,BSHM,28.2516,1667742300.0
0.361307,32.0,35.0,BSHM,27.4738,1667742600.0
0.374731,32.0,35.0,BSHM,26.5664,1667742900.0
0.460548,32.0,35.0,BSHM,26.0578,1667743200.0
0.434302,32.0,35.0,BSHM,25.2946,1667743500.0
0.49234,32.0,35.0,BSHM,24.5142,1667743800.0
0.531756,32.0,35.0,BSHM,23.5004,1667744100.0
0.531896,32.0,35.0,BSHM,22.8282,1667744400.0
0.46099,32.0,35.0,BSHM,21.7809,1667744700.0
0.460665,32.0,35.0,BSHM,20.8222,1667745000.0
0.412216,32.0,35.0,BSHM,20.0138,1667745300.0
0.461606,32.0,35.0,BSHM,19.2463,1667745600.0
0.492667,32.0,35.0,BSHM,17.8692,1667745900.0
0.531962,32.0,35.0,BSHM,16.7295,1667746200.0
0.582739,32.0,35.0,BSHM,15.7026,1667746500.0
0.652088,32.0,35.0,BSHM,14.4425,1667746800.0
0.922658,32.0,35.0,BSHM,12.8329,1667747100.0
1.3026,32.0,35.0,BSHM,12.4702,1667747400.0
1.30382,32.0,35.0,BSHM,10.3855,1667749200.0
0.921257,32.0,35.0,BSHM,10.0119,1667749500.0
0.752117,32.0,35.0,BSHM,9.74625,1667749800.0
0.651472,32.0,35.0,BSHM,9.5802,1667750100.0
0.651415,32.0,35.0,BSHM,9.46916,1667750400.0
0.752028,32.0,35.0,BSHM,9.38497,1667750700.0
0.752915,32.0,35.0,BSHM,9.34218,1667751000.0
0.75315,32.0,35.0,BSHM,8.74426,1667751300.0
0.754942,32.0,35.0,BSHM,8.12079,1667751600.0
0.92291,32.0,35.0,BSHM,7.41116,1667751900.0
0.922847,32.0,35.0,BSHM,7.3104,1667752200.0
0.922905,32.0,35.0,BSHM,7.22254,1667752500.0
0.92388,32.0,35.0,BSHM,7.17986,1667752800.0
1.30249,32.0,35.0,BSHM,8.01673,1667753700.0
0.922078,32.0,35.0,BSHM,8.26636,1667754000.0
1.30181,32.0,35.0,BSHM,7.73461,1667754300.0
1.30706,32.0,35.0,BSHM,7.34475,1667754900.0
1.30466,32.0,35.0,BSHM,7.20497,1667755200.0
1.30483,32.0,35.0,BSHM,7.02078,1667755500.0
1.30597,32.0,35.0,BSHM,6.88488,1667755800.0
1.32298,32.0,35.0,BSHM,8.41801,1667758800.0
0.753318,32.0,35.0,BSHM,7.34427,1667759100.0
0.752339,32.0,35.0,BSHM,7.30323,1667759400.0
0.583055,32.0,35.0,BSHM,7.29652,1667759700.0
0.531933,32.0,35.0,BSHM,7.25972,1667760000.0
0.493381,32.0,35.0,BSHM,7.24113,1667760300.0
0.531843,32.0,35.0,BSHM,7.20038,1667760600.0
0.531922,32.0,35.0,BSHM,7.20141,1667760900.0
0.582686,32.0,35.0,BSHM,7.15273,1667761200.0
0.583013,32.0,35.0,BSHM,7.34329,1667761500.0
0.493012,32.0,35.0,BSHM,7.46179,1667761800.0
0.462651,32.0,35.0,BSHM,7.2923,1667762100.0
0.412533,32.0,35.0,BSHM,6.98393,1667762400.0
0.393552,32.0,35.0,BSHM,6.75267,1667762700.0
0.376343,32.0,35.0,BSHM,6.45355,1667763000.0
0.376979,32.0,35.0,BSHM,6.37111,1667763300.0
0.376827,32.0,35.0,BSHM,6.26663,1667763600.0
0.413058,32.0,35.0,BSHM,6.15555,1667763900.0
0.376374,32.0,35.0,BSHM,6.1152,1667764200.0
0.412125,32.0,35.0,BSHM,6.09946,1667764500.0
0.435711,32.0,35.0,BSHM,5.97106,1667764800.0
0.460619,32.0,35.0,BSHM,6.02822,1667765100.0
0.412468,32.0,35.0,BSHM,5.77603,1667765400.0
0.434434,32.0,35.0,BSHM,5.59397,1667765700.0
0.41222,32.0,35.0,BSHM,5.55939,1667766000.0
0.414251,32.0,35.0,BSHM,5.51636,1667766300.0
0.463553,32.0,35.0,BSHM,5.43651,1667766600.0
0.446461,32.0,35.0,BSHM,5.47059,1667766900.0
0.393436,32.0,35.0,BSHM,5.80293,1667767200.0
0.411925,32.0,35.0,BSHM,6.20937,1667767500.0
0.375932,32.0,35.0,BSHM,6.33694,1667767800.0
0.392694,32.0,35.0,BSHM,6.45088,1667768100.0
0.361284,32.0,35.0,BSHM,6.56285,1667768400.0
0.348239,32.0,35.0,BSHM,6.62606,1667768700.0
0.375885,32.0,35.0,BSHM,6.70818,1667769000.0
0.348348,32.0,35.0,BSHM,6.75793,1667769300.0
0.37594,32.0,35.0,BSHM,6.80229,1667769600.0
0.392469,32.0,35.0,BSHM,6.86716,1667769900.0
0.375807,32.0,35.0,BSHM,6.94002,1667770200.0
0.411643,32.0,35.0,BSHM,6.96908,1667770500.0
0.411697,32.0,35.0,BSHM,7.01373,1667770800.0
0.460252,32.0,35.0,BSHM,7.02186,1667771100.0
0.46029,32.0,35.0,BSHM,6.93749,1667771400.0
0.460595,32.0,35.0,BSHM,6.96422,1667771700.0
0.582193,32.0,35.0,BSHM,6.78898,1667772000.0
0.531687,32.0,35.0,BSHM,6.71583,1667772300.0
0.582436,32.0,35.0,BSHM,6.46958,1667772600.0
0.460503,32.0,35.0,BSHM,6.45796,1667772900.0
0.411817,32.0,35.0,BSHM,6.41333,1667773200.0
0.460436,32.0,35.0,BSHM,6.41418,1667773500.0
0.411827,32.0,35.0,BSHM,6.43255,1667773800.0
0.411937,32.0,35.0,BSHM,6.3475,1667774100.0
0.460619,32.0,35.0,BSHM,6.31227,1667774400.0
0.531606,32.0,35.0,BSHM,6.33677,1667774700.0
0.492495,32.0,35.0,BSHM,6.30782,1667775000.0
0.582687,32.0,35.0,BSHM,6.32336,1667775300.0
0.653213,32.0,35.0,BSHM,6.4047,1667775600.0
0.752612,32.0,35.0,BSHM,6.32555,1667775900.0
1.30203,32.0,35.0,BSHM,5.95281,1667776200.0
0.921472,32.0,35.0,BSHM,6.20756,1667778900.0
0.7538,32.0,35.0,BSHM,7.23032,1667779200.0
0.922732,32.0,35.0,BSHM,7.10675,1667779500.0
0.653372,32.0,35.0,BSHM,7.12037,1667779800.0
0.583612,32.0,35.0,BSHM,7.02865,1667780100.0
0.652044,32.0,35.0,BSHM,6.89718,1667780400.0
0.53532,32.0,35.0,BSHM,6.88823,1667780700.0
0.461429,32.0,35.0,BSHM,7.13005,1667781000.0
0.435072,32.0,35.0,BSHM,7.30106,1667781300.0
0.461008,32.0,35.0,BSHM,7.50219,1667781600.0
0.460897,32.0,35.0,BSHM,7.86492,1667781900.0
0.493266,32.0,35.0,BSHM,8.21401,1667782200.0
0.582507,32.0,35.0,BSHM,8.66687,1667782500.0
0.492427,32.0,35.0,BSHM,8.63145,1667782800.0
0.492338,32.0,35.0,BSHM,8.55799,1667783100.0
0.492539,32.0,35.0,BSHM,8.51694,1667783400.0
0.460824,32.0,35.0,BSHM,8.40803,1667783700.0
0.461162,32.0,35.0,BSHM,8.48058,1667784000.0
0.434624,32.0,35.0,BSHM,8.36787,1667784300.0
0.492494,32.0,35.0,BSHM,8.19626,1667784600.0
0.531816,32.0,35.0,BSHM,8.14042,1667784900.0
0.492447,32.0,35.0,BSHM,7.96862,1667785200.0
0.49237,32.0,35.0,BSHM,7.82937,1667785500.0
0.531793,32.0,35.0,BSHM,7.71989,1667785800.0
0.461836,32.0,35.0,BSHM,7.28315,1667786100.0
0.492773,32.0,35.0,BSHM,6.89743,1667786400.0
0.492563,32.0,35.0,BSHM,6.70765,1667786700.0
0.412905,32.0,35.0,BSHM,6.61831,1667787000.0
0.461249,32.0,35.0,BSHM,6.48995,1667787300.0
0.492454,32.0,35.0,BSHM,6.49551,1667787600.0
0.434611,32.0,35.0,BSHM,6.46737,1667787900.0
0.492527,32.0,35.0,BSHM,6.40923,1667788200.0
0.412551,32.0,35.0,BSHM,6.44861,1667788500.0
0.434594,32.0,35.0,BSHM,6.40938,1667788800.0
0.434592,32.0,35.0,BSHM,6.36761,1667789100.0
0.460505,32.0,35.0,BSHM,6.26934,1667789400.0
0.434236,32.0,35.0,BSHM,6.19341,1667789700.0
0.492391,32.0,35.0,BSHM,6.13734,1667790000.0
0.650925,32.0,35.0,BSHM,6.05645,1667790300.0
0.651157,32.0,35.0,BSHM,6.41102,1667790600.0
0.582475,32.0,35.0,BSHM,6.6295,1667790900.0
0.582517,32.0,35.0,BSHM,6.79019,1667791200.0
0.582694,32.0,35.0,BSHM,7.12247,1667791500.0
0.532487,32.0,35.0,BSHM,7.2357,1667791800.0
0.53209,32.0,35.0,BSHM,7.72788,1667792100.0
0.532097,32.0,35.0,BSHM,7.97835,1667792400.0
0.532095,32.0,35.0,BSHM,8.33399,1667792700.0
0.583129,32.0,35.0,BSHM,8.80314,1667793000.0
0.583495,32.0,35.0,BSHM,9.15284,1667793300.0
0.752103,32.0,35.0,BSHM,10.2155,1667793600.0
0.752038,32.0,35.0,BSHM,10.7558,1667793900.0
0.651474,32.0,35.0,BSHM,11.3997,1667794200.0
0.651624,32.0,35.0,BSHM,11.8372,1667794500.0
0.651417,32.0,35.0,BSHM,12.4729,1667794800.0
0.532629,32.0,35.0,BSHM,13.1213,1667795100.0
0.532239,32.0,35.0,BSHM,13.7476,1667795400.0
0.532264,32.0,35.0,BSHM,14.5255,1667795700.0
0.532106,32.0,35.0,BSHM,15.1297,1667796000.0
0.492513,32.0,35.0,BSHM,15.8423,1667796300.0
0.583114,32.0,35.0,BSHM,16.3268,1667796600.0
0.583108,32.0,35.0,BSHM,17.062,1667796900.0
0.651442,32.0,35.0,BSHM,18.0129,1667797200.0
0.75298,32.0,35.0,BSHM,18.5021,1667797500.0
0.753348,32.0,35.0,BSHM,19.0936,1667797800.0
0.921444,32.0,35.0,BSHM,19.5062,1667798100.0
0.921545,32.0,35.0,BSHM,19.8877,1667798400.0
1.30417,32.0,35.0,BSHM,20.2392,1667798700.0
0.92173,32.0,35.0,BSHM,20.6126,1667799000.0
0.92189,32.0,35.0,BSHM,20.9978,1667799300.0
0.921357,32.0,35.0,BSHM,21.2788,1667799600.0
0.752591,32.0,35.0,BSHM,21.5163,1667799900.0
0.921376,32.0,35.0,BSHM,21.7726,1667800200.0
0.753288,32.0,35.0,BSHM,21.8828,1667800500.0
0.651826,32.0,35.0,BSHM,22.566,1667800800.0
0.582781,32.0,35.0,BSHM,23.0543,1667801100.0
0.492741,32.0,35.0,BSHM,23.5839,1667801400.0
0.460767,32.0,35.0,BSHM,24.2778,1667801700.0
0.435025,32.0,35.0,BSHM,24.6498,1667802000.0
0.412256,32.0,35.0,BSHM,25.3822,1667802300.0
0.434402,32.0,35.0,BSHM,26.0149,1667802600.0
0.434427,32.0,35.0,BSHM,26.5589,1667802900.0
0.532071,32.0,35.0,BSHM,26.9727,1667803200.0
0.532648,32.0,35.0,BSHM,27.6234,1667803500.0
0.65284,32.0,35.0,BSHM,28.0009,1667803800.0
0.921778,32.0,35.0,BSHM,28.6595,1667804100.0
0.752635,32.0,35.0,BSHM,29.2956,1667804400.0
0.651604,32.0,35.0,BSHM,30.0951,1667804700.0
0.582858,32.0,35.0,BSHM,30.9829,1667805000.0
0.651654,32.0,35.0,BSHM,31.8527,1667805300.0
0.65167,32.0,35.0,BSHM,32.7817,1667805600.0
0.651704,32.0,35.0,BSHM,33.71,1667805900.0
0.583361,32.0,35.0,BSHM,34.2702,1667806200.0
0.652008,32.0,35.0,BSHM,34.9139,1667806500.0
0.752661,32.0,35.0,BSHM,35.542,1667806800.0
0.65198,32.0,35.0,BSHM,36.4044,1667807100.0
0.532236,32.0,35.0,BSHM,37.1205,1667807400.0
0.461319,32.0,35.0,BSHM,37.6496,1667807700.0
0.492655,32.0,35.0,BSHM,38.0702,1667808000.0
0.532124,32.0,35.0,BSHM,38.6419,1667808300.0
0.532246,32.0,35.0,BSHM,38.9595,1667808600.0
0.582933,32.0,35.0,BSHM,39.1318,1667808900.0
0.53271,32.0,35.0,BSHM,39.0546,1667809200.0
0.58354,32.0,35.0,BSHM,38.7676,1667809500.0
0.753734,32.0,35.0,BSHM,38.1457,1667809800.0
0.75377,32.0,35.0,BSHM,37.2857,1667810100.0
0.924019,32.0,35.0,BSHM,35.9192,1667810400.0
1.31966,32.0,35.0,BSHM,35.3663,1667810700.0
1.30644,32.0,35.0,BSHM,34.4714,1667811000.0
0.925483,32.0,35.0,BSHM,33.6256,1667811300.0
0.921916,32.0,35.0,BSHM,32.9005,1667811600.0
0.752743,32.0,35.0,BSHM,32.063,1667811900.0
0.65209,32.0,35.0,BSHM,31.6614,1667812200.0
0.651882,32.0,35.0,BSHM,31.3858,1667812500.0
0.532579,32.0,35.0,BSHM,30.7248,1667812800.0
0.533122,32.0,35.0,BSHM,30.7309,1667813100.0
0.583796,32.0,35.0,BSHM,31.1138,1667813400.0
0.752633,32.0,35.0,BSHM,30.9929,1667813700.0
0.922211,32.0,35.0,BSHM,31.1721,1667814000.0
1.30317,32.0,35.0,BSHM,31.4427,1667814300.0
1.30728,32.0,35.0,BSHM,31.7268,1667814600.0
1.30509,32.0,35.0,BSHM,32.2272,1667815500.0
0.754657,32.0,35.0,BSHM,32.7113,1667815800.0
0.654476,32.0,35.0,BSHM,33.2072,1667816100.0
0.584555,32.0,35.0,BSHM,35.2256,1667816400.0
0.493675,32.0,35.0,BSHM,35.6093,1667816700.0
0.462244,32.0,35.0,BSHM,36.4146,1667817000.0
0.493348,32.0,35.0,BSHM,37.1047,1667817300.0
0.462395,32.0,35.0,BSHM,37.7824,1667817600.0
0.49285,32.0,35.0,BSHM,37.8901,1667817900.0
0.435177,32.0,35.0,BSHM,38.5971,1667818200.0
0.532322,32.0,35.0,BSHM,39.0706,1667818500.0
0.651688,32.0,35.0,BSHM,39.5994,1667818800.0
0.651693,32.0,35.0,BSHM,40.0323,1667819100.0
0.583057,32.0,35.0,BSHM,40.5897,1667819400.0
0.532678,32.0,35.0,BSHM,40.8044,1667819700.0
0.583029,32.0,35.0,BSHM,40.7407,1667820000.0
0.583166,32.0,35.0,BSHM,40.5045,1667820300.0
0.583644,32.0,35.0,BSHM,40.6424,1667820600.0
0.492608,32.0,35.0,BSHM,40.9314,1667820900.0
0.460896,32.0,35.0,BSHM,41.1362,1667821200.0
0.492657,32.0,35.0,BSHM,41.0955,1667821500.0
0.532085,32.0,35.0,BSHM,40.9164,1667821800.0
0.434915,32.0,35.0,BSHM,40.9875,1667822100.0
0.434325,32.0,35.0,BSHM,41.3575,1667822400.0
0.434551,32.0,35.0,BSHM,41.1712,1667822700.0
0.434403,32.0,35.0,BSHM,40.946,1667823000.0
0.412116,32.0,35.0,BSHM,40.6893,1667823300.0
0.39294,32.0,35.0,BSHM,40.7454,1667823600.0
0.412302,32.0,35.0,BSHM,40.7192,1667823900.0
0.37645,32.0,35.0,BSHM,40.9601,1667824200.0
0.36176,32.0,35.0,BSHM,40.8324,1667824500.0
0.361953,32.0,35.0,BSHM,40.2264,1667824800.0
0.412328,32.0,35.0,BSHM,39.5146,1667825100.0
0.46121,32.0,35.0,BSHM,40.0883,1667825400.0
0.493014,32.0,35.0,BSHM,38.4363,1667825700.0
0.583235,32.0,35.0,BSHM,39.5073,1667826000.0
0.921892,32.0,35.0,BSHM,39.9137,1667826300.0
0.652113,32.0,35.0,BSHM,39.1328,1667826600.0
0.583153,32.0,35.0,BSHM,37.9585,1667826900.0
0.532199,32.0,35.0,BSHM,37.4769,1667827200.0
0.434616,32.0,35.0,BSHM,37.0888,1667827500.0
0.43451,32.0,35.0,BSHM,36.8034,1667827800.0
0.393056,32.0,35.0,BSHM,36.6613,1667828100.0
0.361585,32.0,35.0,BSHM,36.2163,1667828400.0
0.376323,32.0,35.0,BSHM,35.9612,1667828700.0
0.412166,32.0,35.0,BSHM,35.5128,1667829000.0
0.434476,32.0,35.0,BSHM,35.0732,1667829300.0
0.434543,32.0,35.0,BSHM,34.4861,1667829600.0
0.460861,32.0,35.0,BSHM,34.4367,1667829900.0
0.492655,32.0,35.0,BSHM,33.6369,1667830200.0
0.492773,32.0,35.0,BSHM,32.6315,1667830500.0
0.46187,32.0,35.0,BSHM,31.2308,1667830800.0
0.434878,32.0,35.0,BSHM,30.126,1667831100.0
0.43471,32.0,35.0,BSHM,29.1301,1667831400.0
0.435468,32.0,35.0,BSHM,28.1874,1667831700.0
0.461089,32.0,35.0,BSHM,26.7801,1667832000.0
0.493019,32.0,35.0,BSHM,25.5402,1667832300.0
0.532379,32.0,35.0,BSHM,24.4956,1667832600.0
0.652026,32.0,35.0,BSHM,23.5368,1667832900.0
0.921903,32.0,35.0,BSHM,22.3252,1667833200.0
1.30362,32.0,35.0,BSHM,20.8667,1667833500.0
1.30666,32.0,35.0,BSHM,20.2289,1667833800.0
1.30706,32.0,35.0,BSHM,19.0563,1667835300.0
1.30455,32.0,35.0,BSHM,18.7401,1667835600.0
0.922287,32.0,35.0,BSHM,18.2844,1667835900.0
0.753261,32.0,35.0,BSHM,17.8411,1667836200.0
0.753233,32.0,35.0,BSHM,17.5152,1667836500.0
0.753358,32.0,35.0,BSHM,17.2905,1667836800.0
0.753368,32.0,35.0,BSHM,16.9745,1667837100.0
0.923231,32.0,35.0,BSHM,16.6351,1667837400.0
1.31194,32.0,35.0,BSHM,16.5667,1667837700.0
0.923079,32.0,35.0,BSHM,12.8869,1667840100.0
1.30338,32.0,35.0,BSHM,11.904,1667840400.0
1.30412,32.0,35.0,BSHM,11.6811,1667840700.0
1.30811,32.0,35.0,BSHM,12.2262,1667841000.0
1.30488,32.0,35.0,BSHM,11.971,1667841300.0
1.30492,32.0,35.0,BSHM,11.6381,1667841600.0
1.30521,32.0,35.0,BSHM,11.4655,1667841900.0
0.927914,32.0,35.0,BSHM,12.7849,1667844300.0
0.755091,32.0,35.0,BSHM,12.7646,1667844600.0
0.753899,32.0,35.0,BSHM,12.8257,1667844900.0
0.494363,32.0,35.0,BSHM,12.7687,1667845200.0
0.461412,32.0,35.0,BSHM,12.5786,1667845500.0
0.461323,32.0,35.0,BSHM,12.432,1667845800.0
0.434573,32.0,35.0,BSHM,12.4838,1667846100.0
0.43456,32.0,35.0,BSHM,12.565,1667846400.0
0.43472,32.0,35.0,BSHM,12.6523,1667846700.0
0.492742,32.0,35.0,BSHM,12.5565,1667847000.0
0.532557,32.0,35.0,BSHM,12.7371,1667847300.0
0.651953,32.0,35.0,BSHM,12.5259,1667847600.0
0.752824,32.0,35.0,BSHM,12.8024,1667847900.0
0.774415,32.0,35.0,BSHM,11.6202,1667848200.0
0.657971,32.0,35.0,BSHM,11.3716,1667848500.0
0.921934,32.0,35.0,BSHM,13.2099,1667848800.0
0.614859,32.0,35.0,BSHM,12.81,1667849100.0
0.38349,32.0,35.0,BSHM,13.5853,1667849400.0
0.383344,32.0,35.0,BSHM,13.8676,1667849700.0
0.413365,32.0,35.0,BSHM,13.7363,1667850000.0
0.377921,32.0,35.0,BSHM,13.7229,1667850300.0
0.377914,32.0,35.0,BSHM,13.7396,1667850600.0
0.461794,32.0,35.0,BSHM,14.0129,1667850900.0
0.493462,32.0,35.0,BSHM,14.0482,1667851200.0
0.493387,32.0,35.0,BSHM,14.1352,1667851500.0
0.585865,32.0,35.0,BSHM,14.2111,1667851800.0
0.584822,32.0,35.0,BSHM,14.2488,1667852100.0
0.585712,32.0,35.0,BSHM,14.0661,1667852400.0
0.655335,32.0,35.0,BSHM,13.5922,1667852700.0
0.755775,32.0,35.0,BSHM,13.2907,1667853000.0
0.58714,32.0,35.0,BSHM,12.9081,1667853300.0
0.533824,32.0,35.0,BSHM,12.9144,1667853600.0
0.494847,32.0,35.0,BSHM,12.9922,1667853900.0
0.583521,32.0,35.0,BSHM,13.2395,1667854200.0
0.534601,32.0,35.0,BSHM,13.5177,1667854500.0
0.531641,32.0,35.0,BSHM,14.6326,1667854800.0
0.531597,32.0,35.0,BSHM,14.9014,1667855100.0
0.492149,32.0,35.0,BSHM,15.085,1667855400.0
0.434063,32.0,35.0,BSHM,15.1741,1667855700.0
0.434009,32.0,35.0,BSHM,15.2807,1667856000.0
0.411791,32.0,35.0,BSHM,15.0558,1667856300.0
0.460343,32.0,35.0,BSHM,14.8813,1667856600.0
0.46038,32.0,35.0,BSHM,14.8475,1667856900.0
0.49222,32.0,35.0,BSHM,14.8721,1667857200.0
0.582341,32.0,35.0,BSHM,14.1187,1667857500.0
0.492272,32.0,35.0,BSHM,14.0339,1667857800.0
0.531766,32.0,35.0,BSHM,14.1572,1667858100.0
0.5319,32.0,35.0,BSHM,13.5852,1667858400.0
0.532061,32.0,35.0,BSHM,13.1894,1667858700.0
0.492902,32.0,35.0,BSHM,12.7876,1667859000.0
0.434341,32.0,35.0,BSHM,12.4097,1667859300.0
0.460663,32.0,35.0,BSHM,12.0314,1667859600.0
0.434399,32.0,35.0,BSHM,11.6516,1667859900.0
0.460631,32.0,35.0,BSHM,11.248,1667860200.0
0.434961,32.0,35.0,BSHM,10.2792,1667860500.0
0.46087,32.0,35.0,BSHM,9.9675,1667860800.0
0.461024,32.0,35.0,BSHM,9.70501,1667861100.0
0.532319,32.0,35.0,BSHM,9.59438,1667861400.0
0.532601,32.0,35.0,BSHM,9.43448,1667861700.0
0.651923,32.0,35.0,BSHM,9.08994,1667862000.0
1.30247,32.0,35.0,BSHM,8.56866,1667862300.0
1.30281,32.0,35.0,BSHM,8.43494,1667862600.0
0.922067,32.0,35.0,BSHM,7.92285,1667865000.0
0.75337,32.0,35.0,BSHM,7.71965,1667865300.0
