utc,processor_performance_pct,processor_utility_pct
2026-10-01T20:43:51,46.8,17.9
2026-10-01T20:43:57,44.8,5.7
2026-10-01T20:44:03,44.7,6.3
2026-10-01T20:44:09,48.8,5.7
2026-10-01T20:44:15,44.7,5.6
2026-10-01T20:44:21,45.0,5.4
2026-10-01T20:44:27,48.4,6.9
2026-10-01T20:44:33,45.7,13.8
2026-10-01T20:44:39,46.9,14.0
2026-10-01T20:44:45,46.2,15.3
2026-10-01T20:44:51,46.1,8.0
2026-10-01T20:44:57,45.1,6.4
2026-10-01T20:45:03,42.9,8.4
2026-10-01T20:45:09,44.9,6.2
2026-10-01T20:45:15,45.2,5.6
2026-10-01T20:45:21,45.3,5.6
2026-10-01T20:45:27,44.6,6.4
2026-10-01T20:45:33,45.0,7.2
2026-10-01T20:45:39,45.5,6.7
2026-10-01T20:45:45,45.2,6.1
2026-10-01T20:45:51,45.9,5.3
2026-10-01T20:45:57,46.5,6.7
2026-10-01T20:46:03,45.8,5.4
2026-10-01T20:46:09,45.5,5.1
2026-10-01T20:46:15,45.6,5.3
2026-10-01T20:46:21,45.8,5.5
2026-10-01T20:46:27,45.5,5.3
2026-10-01T20:46:33,46.0,5.2
2026-10-01T20:46:39,45.6,5.3
2026-10-01T20:46:45,45.7,6.3
2026-10-01T20:46:51,45.4,6.1
2026-10-01T20:46:57,45.8,5.2
2026-10-01T20:47:03,46.5,7.3
2026-10-01T20:47:10,46.0,5.2
2026-10-01T20:47:16,43.4,6.1
2026-10-01T20:47:22,45.7,5.5
2026-10-01T20:47:28,46.0,6.3
2026-10-01T20:47:34,45.9,8.8
2026-10-01T20:47:40,44.9,5.5
2026-10-01T20:47:46,46.4,6.1
2026-10-01T20:47:52,47.7,7.5
2026-10-01T20:47:58,45.0,5.5
2026-10-01T20:48:04,48.3,5.8
2026-10-01T20:48:10,46.6,11.9
2026-10-01T20:48:16,44.1,8.4
2026-10-01T20:48:22,43.9,8.4
2026-10-01T20:48:28,44.9,6.3
2026-10-01T20:48:34,44.8,6.1
2026-10-01T20:48:40,44.5,6.8
2026-10-01T20:48:46,44.7,6.5
2026-10-01T20:48:52,44.6,6.2
2026-10-01T20:48:58,44.4,5.4
2026-10-01T20:49:04,44.1,5.2
2026-10-01T20:49:10,45.1,6.9
2026-10-01T20:49:16,45.1,9.4
2026-10-01T20:49:22,44.2,5.6
2026-10-01T20:49:28,43.9,7.8
2026-10-01T20:49:34,44.4,7.1
2026-10-01T20:49:40,44.6,5.6
2026-10-01T20:49:46,44.4,5.5
2026-10-01T20:49:52,44.3,5.3
2026-10-01T20:49:58,44.3,5.4
2026-10-01T20:50:04,45.1,9.2
2026-10-01T20:50:10,44.3,7.7
2026-10-01T20:50:16,44.7,5.2
2026-10-01T20:50:22,45.0,7.7
2026-10-01T20:50:28,44.6,5.8
2026-10-01T20:50:34,44.3,5.1
2026-10-01T20:50:40,44.1,5.2
2026-10-01T20:50:46,44.4,5.3
2026-10-01T20:50:52,44.3,5.5
2026-10-01T20:50:58,44.6,6.6
2026-10-01T20:51:05,43.9,4.9
2026-10-01T20:51:11,44.7,5.8
2026-10-01T20:51:17,45.2,6.0
2026-10-01T20:51:23,44.6,5.9
2026-10-01T20:51:29,45.0,7.9
2026-10-01T20:51:35,44.8,5.7
2026-10-01T20:51:41,44.4,5.9
2026-10-01T20:51:47,44.5,5.9
2026-10-01T20:51:53,43.9,7.0
2026-10-01T20:51:59,44.3,7.4
2026-10-01T20:52:05,44.5,5.7
2026-10-01T20:52:11,44.7,8.6
2026-10-01T20:52:17,45.2,5.8
2026-10-01T20:52:23,44.6,6.8
2026-10-01T20:52:29,44.0,5.2
2026-10-01T20:52:35,45.1,6.8
2026-10-01T20:52:41,44.5,5.4
2026-10-01T20:52:47,44.3,5.5
2026-10-01T20:52:53,44.6,8.0
2026-10-01T20:52:59,44.2,8.7
2026-10-01T20:53:05,44.5,6.0
2026-10-01T20:53:11,44.4,5.7
2026-10-01T20:53:17,45.4,4.8
2026-10-01T20:53:23,44.2,5.8
2026-10-01T20:53:29,44.8,5.9
2026-10-01T20:53:35,44.5,5.6
2026-10-01T20:53:41,45.2,7.4
2026-10-01T20:53:47,44.6,6.5
2026-10-01T20:53:53,44.4,5.7
2026-10-01T20:53:59,44.3,5.3
2026-10-01T20:54:05,44.3,5.3
2026-10-01T20:54:11,43.9,5.5
2026-10-01T20:54:17,48.8,5.9
2026-10-01T20:54:23,45.4,5.5
2026-10-01T20:54:29,45.5,5.2
2026-10-01T20:54:35,44.6,12.3
2026-10-01T20:54:41,45.4,5.1
2026-10-01T20:54:48,45.3,9.7
2026-10-01T20:54:54,47.2,7.1
2026-10-01T20:55:00,42.8,5.4
2026-10-01T20:55:06,43.4,5.2
2026-10-01T20:55:12,46.5,6.6
2026-10-01T20:55:18,42.3,4.5
2026-10-01T20:55:24,45.6,15.3
2026-10-01T20:55:30,39.4,3.0
2026-10-01T20:55:36,40.0,3.3
2026-10-01T20:55:42,44.6,6.6
2026-10-01T20:55:48,42.4,3.9
2026-10-01T20:55:54,42.5,5.0
2026-10-01T20:56:00,38.4,3.2
2026-10-01T20:56:06,39.1,2.7
2026-10-01T20:56:12,40.6,3.3
2026-10-01T20:56:18,39.0,2.9
2026-10-01T20:56:24,40.3,3.0
2026-10-01T20:56:30,44.7,11.3
2026-10-01T20:56:36,43.7,4.8
2026-10-01T20:56:42,41.1,3.7
2026-10-01T20:56:48,40.0,3.0
2026-10-01T20:56:54,40.7,3.3
2026-10-01T20:57:00,42.3,4.3
2026-10-01T20:57:06,38.8,2.7
2026-10-01T20:57:12,38.2,2.7
2026-10-01T20:57:18,40.1,2.9
2026-10-01T20:57:24,39.2,2.9
2026-10-01T20:57:30,41.3,3.6
2026-10-01T20:57:36,39.9,2.8
2026-10-01T20:57:42,39.1,3.0
2026-10-01T20:57:48,47.9,11.2
2026-10-01T20:57:54,48.7,5.9
2026-10-01T20:58:00,43.1,4.0
2026-10-01T20:58:06,41.5,3.9
2026-10-01T20:58:12,39.8,2.9
2026-10-01T20:58:18,40.7,2.9
2026-10-01T20:58:24,41.0,3.3
2026-10-01T20:58:31,45.1,6.7
2026-10-01T20:58:37,45.1,5.5
2026-10-01T20:58:43,45.4,5.3
2026-10-01T20:58:49,45.4,6.3
2026-10-01T20:58:55,45.2,6.2
2026-10-01T20:59:01,44.7,6.3
2026-10-01T20:59:07,45.3,5.2
2026-10-01T20:59:13,45.5,6.4
2026-10-01T20:59:19,44.5,5.8
2026-10-01T20:59:25,45.1,5.3
2026-10-01T20:59:31,40.1,3.2
2026-10-01T20:59:37,39.9,2.9
2026-10-01T20:59:43,39.8,2.9
2026-10-01T20:59:49,40.4,3.4
