ex.rh1	external (moved aside: aborted-rh1)
fe.rh1	features (moved aside: aborted-rh1)
pr.rh1	predictions (moved aside: aborted-rh1)
ev.rh2	evaluation (moved aside: aborted-rh2)
ex.rh2	external (moved aside: aborted-rh2)
fe.rh2	features (moved aside: aborted-rh2)
mr.rh2	mask_registry (moved aside: aborted-rh2)
pr.rh2	predictions (moved aside: aborted-rh2)
ev.rh3	evaluation (moved aside: aborted-rh3)
ex.rh3	external (moved aside: aborted-rh3)
fe.rh3	features (moved aside: aborted-rh3)
mr.rh3	mask_registry (moved aside: aborted-rh3)
pr.rh3	predictions (moved aside: aborted-rh3)
