short	original
ev.pw4	evaluation.archived-pre-w4-d83-item12
ev.r1c	evaluation.archived-aborted-20261001-run1c
ev.r1h	evaluation.archived-aborted-20261001-run1h
ev.bp1	evaluation.archived-before-p1-a1
ev.bp3	evaluation.archived-before-p3-a3
ev.p1a1	evaluation.archived-p1-a1-outputs
ev.p3a3	evaluation.archived-p3-a3-outputs
ex.r1c	external.archived-aborted-20261001-run1c
ex.r1f	external.archived-aborted-20261001-run1f
ex.r1h	external.archived-aborted-20261001-run1h
ex.bp1	external.archived-before-p1-a1
ex.bp3	external.archived-before-p3-a3
ex.p1a1	external.archived-p1-a1-outputs
ex.p3a3	external.archived-p3-a3-outputs
ex.pw4	external.archived-pre-w4-d83-item12
fe.r1c	features.archived-aborted-20261001-run1c
fe.r1h	features.archived-aborted-20261001-run1h
fe.bp1	features.archived-before-p1-a1
fe.bp3	features.archived-before-p3-a3
fe.p1a1	features.archived-p1-a1-outputs
fe.p3a3	features.archived-p3-a3-outputs
fe.pw4	features.archived-pre-w4-d83-item12
mr.r1c	mask_registry.archived-aborted-20261001-run1c
mr.r1h	mask_registry.archived-aborted-20261001-run1h
mr.bp1	mask_registry.archived-before-p1-a1
mr.bp3	mask_registry.archived-before-p3-a3
mr.p1a1	mask_registry.archived-p1-a1-outputs
mr.p3a3	mask_registry.archived-p3-a3-outputs
mr.pw4	mask_registry.archived-pre-w4-d83-item12
pr.r1c	predictions.archived-aborted-20261001-run1c
pr.r1f	predictions.archived-aborted-20261001-run1f
pr.r1h	predictions.archived-aborted-20261001-run1h
pr.bp1	predictions.archived-before-p1-a1
pr.bp3	predictions.archived-before-p3-a3
pr.p1a1	predictions.archived-p1-a1-outputs
pr.p3a3	predictions.archived-p3-a3-outputs
pr.pw4	predictions.archived-pre-w4-d83-item12
ev.p4b	evaluation (moved aside before p4b)
ex.p4b	external (moved aside before p4b)
fe.p4b	features (moved aside before p4b)
mr.p4b	mask_registry (moved aside before p4b)
pr.p4b	predictions (moved aside before p4b)
ex.p4a5	external (moved aside before p4a5)
ex.p5a7	external (moved aside before p5a7)
fe.p5a7	features (moved aside before p5a7)
pr.p5a7	predictions (moved aside before p5a7)
ex.p5x	external (moved aside before p5x)
fe.p5x	features (moved aside before p5x)
pr.p5x	predictions (moved aside before p5x)
ex.rh1	external (moved aside before rh1)
fe.rh1	features (moved aside before rh1)
pr.rh1	predictions (moved aside before rh1)
ev.rh2	evaluation (moved aside before rh2)
ex.rh2	external (moved aside before rh2)
fe.rh2	features (moved aside before rh2)
mr.rh2	mask_registry (moved aside before rh2)
pr.rh2	predictions (moved aside before rh2)
ev.p6a9	evaluation (moved aside before p6a9)
ex.p6a9	external (moved aside before p6a9)
fe.p6a9	features (moved aside before p6a9)
mr.p6a9	mask_registry (moved aside before p6a9)
pr.p6a9	predictions (moved aside before p6a9)
ev.d85v1	evaluation (moved aside before d85v1, the D-85 post-freeze verification run; outputs of P-6 run 12195f9f)
ex.d85v1	external (moved aside before d85v1, the D-85 post-freeze verification run; outputs of P-6 run 12195f9f)
fe.d85v1	features (moved aside before d85v1, the D-85 post-freeze verification run; outputs of P-6 run 12195f9f)
mr.d85v1	mask_registry (moved aside before d85v1, the D-85 post-freeze verification run; outputs of P-6 run 12195f9f)
pr.d85v1	predictions (moved aside before d85v1, the D-85 post-freeze verification run; outputs of P-6 run 12195f9f)
ev.d85a1	evaluation (outputs of aborted D-85 verification run V-1, walking-skeleton-plumbing_7day-20261001T162304Z-964ce8a8)
ex.d85a1	external (outputs of aborted D-85 verification run V-1, walking-skeleton-plumbing_7day-20261001T162304Z-964ce8a8)
fe.d85a1	features (outputs of aborted D-85 verification run V-1, walking-skeleton-plumbing_7day-20261001T162304Z-964ce8a8)
mr.d85a1	mask_registry (outputs of aborted D-85 verification run V-1, walking-skeleton-plumbing_7day-20261001T162304Z-964ce8a8)
pr.d85a1	predictions (outputs of aborted D-85 verification run V-1, walking-skeleton-plumbing_7day-20261001T162304Z-964ce8a8)
ev.d85a2	evaluation (outputs of aborted D-85 verification run V-2, walking-skeleton-plumbing_7day-20261001T164940Z-50846483)
ex.d85a2	external (outputs of aborted D-85 verification run V-2, walking-skeleton-plumbing_7day-20261001T164940Z-50846483)
fe.d85a2	features (outputs of aborted D-85 verification run V-2, walking-skeleton-plumbing_7day-20261001T164940Z-50846483)
mr.d85a2	mask_registry (outputs of aborted D-85 verification run V-2, walking-skeleton-plumbing_7day-20261001T164940Z-50846483)
pr.d85a2	predictions (outputs of aborted D-85 verification run V-2, walking-skeleton-plumbing_7day-20261001T164940Z-50846483)
ev.p7a12	evaluation (moved aside: aborted-p7a12)
ex.p7a12	external (moved aside: aborted-p7a12)
fe.p7a12	features (moved aside: aborted-p7a12)
mr.p7a12	mask_registry (moved aside: aborted-p7a12)
pr.p7a12	predictions (moved aside: aborted-p7a12)
ev.p7a13	evaluation (moved aside: p7a13-before-d86v1)
ex.p7a13	external (moved aside: p7a13-before-d86v1)
fe.p7a13	features (moved aside: p7a13-before-d86v1)
mr.p7a13	mask_registry (moved aside: p7a13-before-d86v1)
pr.p7a13	predictions (moved aside: p7a13-before-d86v1)
ev.d86v3	evaluation (moved aside: d86v3)
ex.d86v3	external (moved aside: d86v3)
fe.d86v3	features (moved aside: d86v3)
mr.d86v3	mask_registry (moved aside: d86v3)
pr.d86v3	predictions (moved aside: d86v3)
ev.p8a14	evaluation (moved aside: p8a14)
ex.p8a14	external (moved aside: p8a14)
fe.p8a14	features (moved aside: p8a14)
mr.p8a14	mask_registry (moved aside: p8a14)
pr.p8a14	predictions (moved aside: p8a14)
ev.p8a15	evaluation (moved aside: p8a15-before-d87v1)
ex.p8a15	external (moved aside: p8a15-before-d87v1)
fe.p8a15	features (moved aside: p8a15-before-d87v1)
mr.p8a15	mask_registry (moved aside: p8a15-before-d87v1)
pr.p8a15	predictions (moved aside: p8a15-before-d87v1)
ev.d87a1	evaluation (moved aside: aborted-d87v1)
ex.d87a1	external (moved aside: aborted-d87v1)
fe.d87a1	features (moved aside: aborted-d87v1)
mr.d87a1	mask_registry (moved aside: aborted-d87v1)
pr.d87a1	predictions (moved aside: aborted-d87v1)
ev.d87a2	evaluation (moved aside: aborted-d87v2)
ex.d87a2	external (moved aside: aborted-d87v2)
fe.d87a2	features (moved aside: aborted-d87v2)
mr.d87a2	mask_registry (moved aside: aborted-d87v2)
pr.d87a2	predictions (moved aside: aborted-d87v2)
ev.d87a3	evaluation (moved aside: aborted-d87v3)
ex.d87a3	external (moved aside: aborted-d87v3)
fe.d87a3	features (moved aside: aborted-d87v3)
mr.d87a3	mask_registry (moved aside: aborted-d87v3)
pr.d87a3	predictions (moved aside: aborted-d87v3)
ev.d87v4	evaluation (moved aside: d87v4)
ex.d87v4	external (moved aside: d87v4)
fe.d87v4	features (moved aside: d87v4)
mr.d87v4	mask_registry (moved aside: d87v4)
pr.d87v4	predictions (moved aside: d87v4)
ev.p9a16	evaluation (moved aside: p9a16)
ex.p9a16	external (moved aside: p9a16)
fe.p9a16	features (moved aside: p9a16)
mr.p9a16	mask_registry (moved aside: p9a16)
pr.p9a16	predictions (moved aside: p9a16)
ev.p9a17	evaluation (moved aside: p9a17-before-d88v1)
ex.p9a17	external (moved aside: p9a17-before-d88v1)
fe.p9a17	features (moved aside: p9a17-before-d88v1)
mr.p9a17	mask_registry (moved aside: p9a17-before-d88v1)
pr.p9a17	predictions (moved aside: p9a17-before-d88v1)
